event_id,trip_id,timestamp,need_service,service_type,reason_code
DE000001,T0001,2026-09-01T06:06:40.768790399+07:00,False,NONE,SUFFICIENT_SOC_RANGE
DE000002,T0001,2026-09-01T06:07:32.140897500+07:00,False,NONE,SUFFICIENT_SOC_RANGE
DE000003,T0001,2026-09-01T06:08:08.936772+07:00,False,NONE,SUFFICIENT_SOC_RANGE
DE000004,T0001,2026-09-01T06:08:44.977027714+07:00,False,NONE,SUFFICIENT_SOC_RANGE
DE000005,T0001,2026-09-01T06:09:25.374317624+07:00,False,NONE,SUFFICIENT_SOC_RANGE
DE000006,T0001,2026-09-01T06:10:07.527992368+07:00,False,NONE,SUFFICIENT_SOC_RANGE
DE000007,T0001,2026-09-01T06:10:46.140895714+07:00,False,NONE,SUFFICIENT_SOC_RANGE
DE000008,T0001,2026-09-01T06:11:39.196494623+07:00,False,NONE,SUFFICIENT_SOC_RANGE
DE000009,T0002,2026-09-01T06:12:59.973648+07:00,False,NONE,SUFFICIENT_SOC_RANGE
DE000010,T0002,2026-09-01T06:14:29.475520+07:00,False,NONE,SUFFICIENT_SOC_RANGE
DE000011,T0002,2026-09-01T06:15:50.271304+07:00,False,NONE,SUFFICIENT_SOC_RANGE
DE000012,T0002,2026-09-01T06:17:08.894307076+07:00,False,NONE,SUFFICIENT_SOC_RANGE
DE000013,T0002,2026-09-01T06:18:35.129992+07:00,False,NONE,SUFFICIENT_SOC_RANGE
DE000014,T0002,2026-09-01T06:19:54.822400+07:00,False,NONE,SUFFICIENT_SOC_RANGE
DE000015,T0002,2026-09-01T06:21:15.672136+07:00,False,NONE,SUFFICIENT_SOC_RANGE
DE000016,T0002,2026-09-01T06:22:36.505806999+07:00,False,NONE,SUFFICIENT_SOC_RANGE
DE000017,T0003,2026-09-01T06:18:53.642324999+07:00,True,BATTERY_SWAP,LOW_SOC
DE000018,T0003,2026-09-01T06:20:41.441412499+07:00,True,BATTERY_SWAP,LOW_SOC
DE000019,T0003,2026-09-01T06:22:39.349012499+07:00,True,BATTERY_SWAP,LOW_SOC
DE000020,T0003,2026-09-01T06:24:33.776412499+07:00,True,BATTERY_SWAP,LOW_SOC
DE000021,T0003,2026-09-01T06:26:06.844324999+07:00,True,BATTERY_SWAP,LOW_SOC
DE000022,T0003,2026-09-01T06:27:37.092981+07:00,True,BATTERY_SWAP,LOW_SOC
DE000023,T0003,2026-09-01T06:29:02.421265500+07:00,True,BATTERY_SWAP,LOW_SOC
DE000024,T0003,2026-09-01T06:30:22.687009875+07:00,True,BATTERY_SWAP,LOW_SOC
DE000025,T0004,2026-09-01T06:24:48.469104+07:00,True,CHARGING,LOW_SOC
DE000026,T0004,2026-09-01T06:25:58.840536+07:00,True,CHARGING,LOW_SOC
DE000027,T0004,2026-09-01T06:27:26.413844500+07:00,True,CHARGING,LOW_SOC
DE000028,T0004,2026-09-01T06:28:21.508355660+07:00,True,CHARGING,LOW_SOC
DE000029,T0004,2026-09-01T06:29:16.900256285+07:00,True,CHARGING,LOW_SOC
DE000030,T0004,2026-09-01T06:30:15.979163285+07:00,True,CHARGING,LOW_SOC
DE000031,T0004,2026-09-01T06:31:23.237796785+07:00,True,CHARGING,LOW_SOC
DE000032,T0004,2026-09-01T06:32:36.590244785+07:00,True,CHARGING,LOW_SOC
DE000033,T0005,2026-09-01T06:31:32.638486500+07:00,True,BATTERY_SWAP,LOW_SOC
DE000034,T0005,2026-09-01T06:34:00.368550500+07:00,True,BATTERY_SWAP,LOW_SOC
DE000035,T0005,2026-09-01T06:36:29.384038500+07:00,True,BATTERY_SWAP,LOW_SOC
DE000036,T0005,2026-09-01T06:38:03.574740+07:00,True,BATTERY_SWAP,LOW_SOC
DE000037,T0005,2026-09-01T06:40:13.689648+07:00,True,BATTERY_SWAP,LOW_SOC
DE000038,T0005,2026-09-01T06:42:00.243694500+07:00,True,BATTERY_SWAP,LOW_SOC
DE000039,T0005,2026-09-01T06:44:15.025167200+07:00,True,BATTERY_SWAP,LOW_SOC
DE000040,T0005,2026-09-01T06:46:49.564413+07:00,True,BATTERY_SWAP,LOW_SOC
DE000041,T0006,2026-09-01T06:37:10.263133714+07:00,True,BATTERY_SWAP,LOW_SOC
DE000042,T0006,2026-09-01T06:38:53.426400+07:00,True,BATTERY_SWAP,LOW_SOC
DE000043,T0006,2026-09-01T06:40:24.833644499+07:00,True,BATTERY_SWAP,LOW_SOC
DE000044,T0006,2026-09-01T06:41:50.422645500+07:00,True,BATTERY_SWAP,LOW_SOC
DE000045,T0006,2026-09-01T06:43:29.808917500+07:00,True,BATTERY_SWAP,LOW_SOC
DE000046,T0006,2026-09-01T06:44:46.732301+07:00,True,BATTERY_SWAP,LOW_SOC
DE000047,T0006,2026-09-01T06:46:04.472258+07:00,True,BATTERY_SWAP,LOW_SOC
DE000048,T0006,2026-09-01T06:47:45.627608+07:00,True,BATTERY_SWAP,LOW_SOC
DE000049,T0007,2026-09-01T06:42:50.555800+07:00,True,CHARGING,LOW_SOC
DE000050,T0007,2026-09-01T06:44:03.889599999+07:00,True,CHARGING,LOW_SOC
DE000051,T0007,2026-09-01T06:45:17.871599999+07:00,True,CHARGING,LOW_SOC
DE000052,T0007,2026-09-01T06:46:29.952999999+07:00,True,CHARGING,LOW_SOC
DE000053,T0007,2026-09-01T06:47:47.505199999+07:00,True,CHARGING,LOW_SOC
DE000054,T0007,2026-09-01T06:48:57.268799999+07:00,True,CHARGING,LOW_SOC
DE000055,T0007,2026-09-01T06:50:12.875799999+07:00,True,CHARGING,LOW_SOC
DE000056,T0007,2026-09-01T06:51:26.902399999+07:00,True,CHARGING,LOW_SOC
DE000057,T0008,2026-09-01T06:49:23.037023999+07:00,True,CHARGING,LOW_SOC
DE000058,T0008,2026-09-01T06:51:17.221265999+07:00,True,CHARGING,LOW_SOC
DE000059,T0008,2026-09-01T06:53:12.342018499+07:00,True,CHARGING,LOW_SOC
DE000060,T0008,2026-09-01T06:55:15.970366499+07:00,True,CHARGING,LOW_SOC
DE000061,T0008,2026-09-01T06:57:28.757502499+07:00,True,CHARGING,LOW_SOC
DE000062,T0008,2026-09-01T06:59:45.801854499+07:00,True,CHARGING,LOW_SOC
DE000063,T0008,2026-09-01T07:01:36.423806499+07:00,True,CHARGING,LOW_SOC
DE000064,T0008,2026-09-01T07:03:23.087513499+07:00,True,CHARGING,LOW_SOC
DE000065,T0009,2026-09-01T06:55:02.419079999+07:00,True,BATTERY_SWAP,LOW_SOC
DE000066,T0009,2026-09-01T06:56:27.053619428+07:00,True,BATTERY_SWAP,LOW_SOC
DE000067,T0009,2026-09-01T06:57:47.572103999+07:00,True,BATTERY_SWAP,LOW_SOC
DE000068,T0009,2026-09-01T06:59:30.937551999+07:00,True,BATTERY_SWAP,LOW_SOC
DE000069,T0009,2026-09-01T07:00:55.226800+07:00,True,BATTERY_SWAP,LOW_SOC
DE000070,T0009,2026-09-01T07:02:19.239712+07:00,True,BATTERY_SWAP,LOW_SOC
DE000071,T0009,2026-09-01T07:03:55.458002285+07:00,True,BATTERY_SWAP,LOW_SOC
DE000072,T0009,2026-09-01T07:05:19.956400+07:00,True,BATTERY_SWAP,LOW_SOC
DE000073,T0010,2026-09-01T07:00:51.673824+07:00,True,CHARGING,LOW_SOC
DE000074,T0010,2026-09-01T07:02:07.779407999+07:00,True,CHARGING,LOW_SOC
DE000075,T0010,2026-09-01T07:03:27.314928+07:00,True,CHARGING,LOW_SOC
DE000076,T0010,2026-09-01T07:04:46.406352+07:00,True,CHARGING,LOW_SOC
DE000077,T0010,2026-09-01T07:06:04.679712+07:00,True,CHARGING,LOW_SOC
DE000078,T0010,2026-09-01T07:07:25.033296+07:00,True,CHARGING,LOW_SOC
DE000079,T0010,2026-09-01T07:08:41.138880+07:00,True,CHARGING,LOW_SOC
DE000080,T0010,2026-09-01T07:09:57.624000+07:00,True,CHARGING,LOW_SOC
DE000081,T0011,2026-09-01T07:07:33.987727999+07:00,True,CHARGING,LOW_SOC
DE000082,T0011,2026-09-01T07:10:11.334479999+07:00,True,CHARGING,LOW_SOC
DE000083,T0011,2026-09-01T07:12:46.447488+07:00,True,CHARGING,LOW_SOC
DE000084,T0011,2026-09-01T07:14:57.207574500+07:00,True,CHARGING,LOW_SOC
DE000085,T0011,2026-09-01T07:17:39.998312571+07:00,True,CHARGING,LOW_SOC
DE000086,T0011,2026-09-01T07:20:25.337638499+07:00,True,CHARGING,LOW_SOC
DE000087,T0011,2026-09-01T07:22:59.591644499+07:00,True,CHARGING,LOW_SOC
DE000088,T0011,2026-09-01T07:25:33.368417142+07:00,True,CHARGING,LOW_SOC
DE000089,T0012,2026-09-01T07:12:54.673391020+07:00,True,BATTERY_SWAP,LOW_SOC_AND_INSUFFICIENT_RANGE
DE000090,T0012,2026-09-01T07:14:12.203520+07:00,True,BATTERY_SWAP,LOW_SOC_AND_INSUFFICIENT_RANGE
DE000091,T0012,2026-09-01T07:15:27.397625142+07:00,True,BATTERY_SWAP,LOW_SOC_AND_INSUFFICIENT_RANGE
DE000092,T0012,2026-09-01T07:16:52.514811428+07:00,True,BATTERY_SWAP,LOW_SOC_AND_INSUFFICIENT_RANGE
DE000093,T0012,2026-09-01T07:18:38.456619428+07:00,True,BATTERY_SWAP,LOW_SOC_AND_INSUFFICIENT_RANGE
DE000094,T0012,2026-09-01T07:20:30.744631969+07:00,True,BATTERY_SWAP,LOW_SOC_AND_INSUFFICIENT_RANGE
DE000095,T0012,2026-09-01T07:22:23.752415999+07:00,True,BATTERY_SWAP,LOW_SOC_AND_INSUFFICIENT_RANGE
DE000096,T0012,2026-09-01T07:24:10.349460395+07:00,True,BATTERY_SWAP,LOW_SOC_AND_INSUFFICIENT_RANGE
DE000097,T0013,2026-09-01T07:18:41.514528+07:00,False,NONE,SUFFICIENT_SOC_RANGE
DE000098,T0013,2026-09-01T07:19:50.823648+07:00,False,NONE,SUFFICIENT_SOC_RANGE
DE000099,T0013,2026-09-01T07:20:55.259771999+07:00,False,NONE,SUFFICIENT_SOC_RANGE
DE000100,T0013,2026-09-01T07:21:46.338006857+07:00,False,NONE,SUFFICIENT_SOC_RANGE
DE000101,T0013,2026-09-01T07:22:49.326147428+07:00,False,NONE,SUFFICIENT_SOC_RANGE
DE000102,T0013,2026-09-01T07:23:37.202203700+07:00,False,NONE,SUFFICIENT_SOC_RANGE
DE000103,T0013,2026-09-01T07:24:21.127478857+07:00,False,NONE,SUFFICIENT_SOC_RANGE
DE000104,T0013,2026-09-01T07:25:01.782915857+07:00,False,NONE,SUFFICIENT_SOC_RANGE
DE000105,T0014,2026-09-01T07:25:26.058874285+07:00,False,NONE,SUFFICIENT_SOC_RANGE
DE000106,T0014,2026-09-01T07:27:42.865714285+07:00,False,NONE,SUFFICIENT_SOC_RANGE
DE000107,T0014,2026-09-01T07:29:44.266292571+07:00,False,NONE,SUFFICIENT_SOC_RANGE
DE000108,T0014,2026-09-01T07:32:14.661384+07:00,False,NONE,SUFFICIENT_SOC_RANGE
DE000109,T0014,2026-09-01T07:34:31.011579428+07:00,False,NONE,SUFFICIENT_SOC_RANGE
DE000110,T0014,2026-09-01T07:36:45.189925714+07:00,False,NONE,SUFFICIENT_SOC_RANGE
DE000111,T0014,2026-09-01T07:39:03.950084571+07:00,False,NONE,SUFFICIENT_SOC_RANGE
DE000112,T0014,2026-09-01T07:41:30.324685714+07:00,False,NONE,SUFFICIENT_SOC_RANGE
DE000113,T0015,2026-09-01T07:30:25.937856+07:00,False,NONE,SUFFICIENT_SOC_RANGE
DE000114,T0015,2026-09-01T07:31:02.452799999+07:00,False,NONE,SUFFICIENT_SOC_RANGE
DE000115,T0015,2026-09-01T07:31:36.902711999+07:00,False,NONE,SUFFICIENT_SOC_RANGE
DE000116,T0015,2026-09-01T07:32:11.357721599+07:00,False,NONE,SUFFICIENT_SOC_RANGE
DE000117,T0015,2026-09-01T07:32:56.357439999+07:00,False,NONE,SUFFICIENT_SOC_RANGE
DE000118,T0015,2026-09-01T07:33:31.053627999+07:00,False,NONE,SUFFICIENT_SOC_RANGE
DE000119,T0015,2026-09-01T07:34:04.617471999+07:00,False,NONE,SUFFICIENT_SOC_RANGE
DE000120,T0015,2026-09-01T07:34:39.357314909+07:00,False,NONE,SUFFICIENT_SOC_RANGE
DE000121,T0016,2026-09-01T07:37:51.533498666+07:00,False,NONE,SUFFICIENT_SOC_RANGE
DE000122,T0016,2026-09-01T07:40:47.586869999+07:00,False,NONE,SUFFICIENT_SOC_RANGE
DE000123,T0016,2026-09-01T07:43:24.018967999+07:00,False,NONE,SUFFICIENT_SOC_RANGE
DE000124,T0016,2026-09-01T07:45:49.022805333+07:00,False,NONE,SUFFICIENT_SOC_RANGE
DE000125,T0016,2026-09-01T07:48:51.022772+07:00,False,NONE,SUFFICIENT_SOC_RANGE
DE000126,T0016,2026-09-01T07:51:46.038631999+07:00,False,NONE,SUFFICIENT_SOC_RANGE
DE000127,T0016,2026-09-01T07:54:53.814831999+07:00,False,NONE,SUFFICIENT_SOC_RANGE
DE000128,T0016,2026-09-01T07:57:38.266897142+07:00,False,NONE,SUFFICIENT_SOC_RANGE
DE000129,T0017,2026-09-01T07:43:15.775776+07:00,True,CHARGING,LOW_SOC
DE000130,T0017,2026-09-01T07:45:19.863360+07:00,True,CHARGING,LOW_SOC
DE000131,T0017,2026-09-01T07:47:22.045632+07:00,True,CHARGING,LOW_SOC
DE000132,T0017,2026-09-01T07:49:20.885808+07:00,True,CHARGING,LOW_SOC
DE000133,T0017,2026-09-01T07:51:31.780800+07:00,True,CHARGING,LOW_SOC
DE000134,T0017,2026-09-01T07:53:38.972400+07:00,True,CHARGING,LOW_SOC
DE000135,T0017,2026-09-01T07:55:38.814960+07:00,True,CHARGING,LOW_SOC
DE000136,T0017,2026-09-01T07:57:44.059536+07:00,True,CHARGING,LOW_SOC
DE000137,T0018,2026-09-01T07:49:35.892799999+07:00,True,BATTERY_SWAP,LOW_SOC
DE000138,T0018,2026-09-01T07:51:39.786456+07:00,True,BATTERY_SWAP,LOW_SOC
DE000139,T0018,2026-09-01T07:53:45.606758857+07:00,True,BATTERY_SWAP,LOW_SOC
DE000140,T0018,2026-09-01T07:55:39.135358857+07:00,True,BATTERY_SWAP,LOW_SOC
DE000141,T0018,2026-09-01T07:57:35.464478545+07:00,True,BATTERY_SWAP,LOW_SOC
DE000142,T0018,2026-09-01T07:59:15.683071999+07:00,True,BATTERY_SWAP,LOW_SOC
DE000143,T0018,2026-09-01T08:00:58.240551999+07:00,True,BATTERY_SWAP,LOW_SOC
DE000144,T0018,2026-09-01T08:02:41.149130909+07:00,True,BATTERY_SWAP,LOW_SOC
DE000145,T0019,2026-09-01T07:55:43.063137500+07:00,True,CHARGING,LOW_SOC
DE000146,T0019,2026-09-01T07:58:03.102111+07:00,True,CHARGING,LOW_SOC
DE000147,T0019,2026-09-01T08:00:19.624822499+07:00,True,CHARGING,LOW_SOC
DE000148,T0019,2026-09-01T08:02:57.393522500+07:00,True,CHARGING,LOW_SOC
DE000149,T0019,2026-09-01T08:05:43.282122500+07:00,True,CHARGING,LOW_SOC
DE000150,T0019,2026-09-01T08:08:03.443231875+07:00,True,CHARGING,LOW_SOC
DE000151,T0019,2026-09-01T08:10:28.759012500+07:00,True,CHARGING,LOW_SOC
DE000152,T0019,2026-09-01T08:13:07.651109166+07:00,True,CHARGING,LOW_SOC
DE000153,T0020,2026-09-01T08:00:51.962785071+07:00,True,CHARGING,LOW_SOC
DE000154,T0020,2026-09-01T08:02:03.747060499+07:00,True,CHARGING,LOW_SOC
DE000155,T0020,2026-09-01T08:03:41.674326500+07:00,True,CHARGING,LOW_SOC
DE000156,T0020,2026-09-01T08:05:01.179308+07:00,True,CHARGING,LOW_SOC
DE000157,T0020,2026-09-01T08:06:26.232203+07:00,True,CHARGING,LOW_SOC
DE000158,T0020,2026-09-01T08:07:52.461531500+07:00,True,CHARGING,LOW_SOC
DE000159,T0020,2026-09-01T08:09:21.695652071+07:00,True,CHARGING,LOW_SOC
DE000160,T0020,2026-09-01T08:10:43.968720071+07:00,True,CHARGING,LOW_SOC
DE000161,T0021,2026-09-01T08:06:40.807871999+07:00,True,BATTERY_SWAP,LOW_SOC
DE000162,T0021,2026-09-01T08:07:35.337351+07:00,True,BATTERY_SWAP,LOW_SOC
DE000163,T0021,2026-09-01T08:08:27.993731714+07:00,True,BATTERY_SWAP,LOW_SOC
DE000164,T0021,2026-09-01T08:09:38.125538500+07:00,True,BATTERY_SWAP,LOW_SOC
DE000165,T0021,2026-09-01T08:10:56.761058499+07:00,True,BATTERY_SWAP,LOW_SOC
DE000166,T0021,2026-09-01T08:11:39.837983499+07:00,True,BATTERY_SWAP,LOW_SOC
DE000167,T0021,2026-09-01T08:12:25.586615499+07:00,True,BATTERY_SWAP,LOW_SOC
DE000168,T0021,2026-09-01T08:12:52.811471499+07:00,True,BATTERY_SWAP,LOW_SOC
DE000169,T0022,2026-09-01T08:13:15.704160+07:00,False,NONE,SUFFICIENT_SOC_RANGE
DE000170,T0022,2026-09-01T08:15:10.788263999+07:00,False,NONE,SUFFICIENT_SOC_RANGE
DE000171,T0022,2026-09-01T08:17:03.061694399+07:00,False,NONE,SUFFICIENT_SOC_RANGE
DE000172,T0022,2026-09-01T08:19:03.174829499+07:00,False,NONE,SUFFICIENT_SOC_RANGE
DE000173,T0022,2026-09-01T08:20:53.695837500+07:00,False,NONE,SUFFICIENT_SOC_RANGE
DE000174,T0022,2026-09-01T08:22:46.427821499+07:00,False,NONE,SUFFICIENT_SOC_RANGE
DE000175,T0022,2026-09-01T08:24:45.016861499+07:00,False,NONE,SUFFICIENT_SOC_RANGE
DE000176,T0022,2026-09-01T08:26:35.307354299+07:00,False,NONE,SUFFICIENT_SOC_RANGE
DE000177,T0023,2026-09-01T08:20:28.945875+07:00,False,NONE,SUFFICIENT_SOC_RANGE
DE000178,T0023,2026-09-01T08:23:48.130210576+07:00,False,NONE,SUFFICIENT_SOC_RANGE
DE000179,T0023,2026-09-01T08:26:50.859190363+07:00,False,NONE,SUFFICIENT_SOC_RANGE
DE000180,T0023,2026-09-01T08:29:09.173147061+07:00,False,NONE,SUFFICIENT_SOC_RANGE
DE000181,T0023,2026-09-01T08:31:34.352574164+07:00,False,NONE,SUFFICIENT_SOC_RANGE
DE000182,T0023,2026-09-01T08:34:34.307931857+07:00,False,NONE,SUFFICIENT_SOC_RANGE
DE000183,T0023,2026-09-01T08:37:12.864281857+07:00,False,NONE,SUFFICIENT_SOC_RANGE
DE000184,T0023,2026-09-01T08:39:32.860431857+07:00,False,NONE,SUFFICIENT_SOC_RANGE
DE000185,T0024,2026-09-01T08:24:51.395377142+07:00,True,BATTERY_SWAP,LOW_SOC
DE000186,T0024,2026-09-01T08:25:49.741000+07:00,True,BATTERY_SWAP,LOW_SOC
DE000187,T0024,2026-09-01T08:26:41.028028571+07:00,True,BATTERY_SWAP,LOW_SOC
DE000188,T0024,2026-09-01T08:27:21.618131428+07:00,True,BATTERY_SWAP,LOW_SOC
DE000189,T0024,2026-09-01T08:28:13.099642285+07:00,True,BATTERY_SWAP,LOW_SOC
DE000190,T0024,2026-09-01T08:29:07.490129142+07:00,True,BATTERY_SWAP,LOW_SOC
DE000191,T0024,2026-09-01T08:30:00.491441142+07:00,True,BATTERY_SWAP,LOW_SOC
DE000192,T0024,2026-09-01T08:30:53.619857142+07:00,True,BATTERY_SWAP,LOW_SOC
DE000193,T0025,2026-09-01T08:31:33.360200+07:00,True,CHARGING,LOW_SOC
DE000194,T0025,2026-09-01T08:33:43.737600+07:00,True,CHARGING,LOW_SOC
DE000195,T0025,2026-09-01T08:35:48.386600+07:00,True,CHARGING,LOW_SOC
DE000196,T0025,2026-09-01T08:38:06.027345454+07:00,True,CHARGING,LOW_SOC
DE000197,T0025,2026-09-01T08:40:26.843992+07:00,True,CHARGING,LOW_SOC
DE000198,T0025,2026-09-01T08:42:57.562925333+07:00,True,CHARGING,LOW_SOC
DE000199,T0025,2026-09-01T08:45:24.525975999+07:00,True,CHARGING,LOW_SOC
DE000200,T0025,2026-09-01T08:46:55.065831999+07:00,True,CHARGING,LOW_SOC
DE000201,T0026,2026-09-01T08:37:20.336447999+07:00,True,BATTERY_SWAP,LOW_SOC
DE000202,T0026,2026-09-01T08:38:57.103075199+07:00,True,BATTERY_SWAP,LOW_SOC
DE000203,T0026,2026-09-01T08:40:48.363495999+07:00,True,BATTERY_SWAP,LOW_SOC
DE000204,T0026,2026-09-01T08:42:17.053456+07:00,True,BATTERY_SWAP,LOW_SOC
DE000205,T0026,2026-09-01T08:44:08.856568+07:00,True,BATTERY_SWAP,LOW_SOC
DE000206,T0026,2026-09-01T08:45:09.695398+07:00,True,BATTERY_SWAP,LOW_SOC
DE000207,T0026,2026-09-01T08:46:20.641667714+07:00,True,BATTERY_SWAP,LOW_SOC
DE000208,T0026,2026-09-01T08:47:47.440426857+07:00,True,BATTERY_SWAP,LOW_SOC
DE000209,T0027,2026-09-01T08:42:32.519903999+07:00,True,BATTERY_SWAP,LOW_SOC
DE000210,T0027,2026-09-01T08:43:26.888617714+07:00,True,BATTERY_SWAP,LOW_SOC
DE000211,T0027,2026-09-01T08:44:18.780421714+07:00,True,BATTERY_SWAP,LOW_SOC
DE000212,T0027,2026-09-01T08:45:04.085056879+07:00,True,BATTERY_SWAP,LOW_SOC
DE000213,T0027,2026-09-01T08:45:42.602358857+07:00,True,BATTERY_SWAP,LOW_SOC
DE000214,T0027,2026-09-01T08:46:31.920693857+07:00,True,BATTERY_SWAP,LOW_SOC
DE000215,T0027,2026-09-01T08:47:21.469892357+07:00,True,BATTERY_SWAP,LOW_SOC
DE000216,T0027,2026-09-01T08:48:11.597390357+07:00,True,BATTERY_SWAP,LOW_SOC
DE000217,T0028,2026-09-01T08:49:19.534159999+07:00,True,CHARGING,LOW_SOC
DE000218,T0028,2026-09-01T08:51:07.403216+07:00,True,CHARGING,LOW_SOC
DE000219,T0028,2026-09-01T08:52:53.692063999+07:00,True,CHARGING,LOW_SOC
DE000220,T0028,2026-09-01T08:54:44.295357714+07:00,True,CHARGING,LOW_SOC
DE000221,T0028,2026-09-01T08:56:45.188255999+07:00,True,CHARGING,LOW_SOC
DE000222,T0028,2026-09-01T08:58:44.835119999+07:00,True,CHARGING,LOW_SOC
DE000223,T0028,2026-09-01T09:00:56.852603999+07:00,True,CHARGING,LOW_SOC
DE000224,T0028,2026-09-01T09:02:44.471903999+07:00,True,CHARGING,LOW_SOC
DE000225,T0029,2026-09-01T08:54:36.399663999+07:00,True,CHARGING,LOW_SOC
DE000226,T0029,2026-09-01T08:55:31.471638857+07:00,True,CHARGING,LOW_SOC
DE000227,T0029,2026-09-01T08:56:17.356539428+07:00,True,CHARGING,LOW_SOC
DE000228,T0029,2026-09-01T08:57:10.913327999+07:00,True,CHARGING,LOW_SOC
DE000229,T0029,2026-09-01T08:58:02.471807999+07:00,True,CHARGING,LOW_SOC
DE000230,T0029,2026-09-01T08:59:01.618656+07:00,True,CHARGING,LOW_SOC
DE000231,T0029,2026-09-01T09:00:00.999120+07:00,True,CHARGING,LOW_SOC
DE000232,T0029,2026-09-01T09:00:56.728656+07:00,True,CHARGING,LOW_SOC
DE000233,T0030,2026-09-01T09:01:15.547767999+07:00,True,BATTERY_SWAP,LOW_SOC
DE000234,T0030,2026-09-01T09:02:47.832923999+07:00,True,BATTERY_SWAP,LOW_SOC
DE000235,T0030,2026-09-01T09:04:28.295932+07:00,True,BATTERY_SWAP,LOW_SOC
DE000236,T0030,2026-09-01T09:06:11.114498+07:00,True,BATTERY_SWAP,LOW_SOC
DE000237,T0030,2026-09-01T09:08:11.247698+07:00,True,BATTERY_SWAP,LOW_SOC
DE000238,T0030,2026-09-01T09:09:52.338898+07:00,True,BATTERY_SWAP,LOW_SOC
DE000239,T0030,2026-09-01T09:11:38.026964666+07:00,True,BATTERY_SWAP,LOW_SOC
DE000240,T0030,2026-09-01T09:13:42.319498+07:00,True,BATTERY_SWAP,LOW_SOC
DE000241,T0031,2026-09-01T09:06:51.764559999+07:00,True,CHARGING,LOW_SOC
DE000242,T0031,2026-09-01T09:08:10.471400+07:00,True,CHARGING,LOW_SOC
DE000243,T0031,2026-09-01T09:09:10.366733333+07:00,True,CHARGING,LOW_SOC
DE000244,T0031,2026-09-01T09:10:15.478848+07:00,True,CHARGING,LOW_SOC
DE000245,T0031,2026-09-01T09:11:13.439040+07:00,True,CHARGING,LOW_SOC
DE000246,T0031,2026-09-01T09:12:17.432498938+07:00,True,CHARGING,LOW_SOC
DE000247,T0031,2026-09-01T09:12:56.684537766+07:00,True,CHARGING,LOW_SOC
DE000248,T0031,2026-09-01T09:13:39.710578285+07:00,True,CHARGING,LOW_SOC
DE000249,T0032,2026-09-01T09:13:58.700435999+07:00,True,CHARGING,LOW_SOC
DE000250,T0032,2026-09-01T09:17:01.868640+07:00,True,CHARGING,LOW_SOC
DE000251,T0032,2026-09-01T09:19:43.115340800+07:00,True,CHARGING,LOW_SOC
DE000252,T0032,2026-09-01T09:22:19.151920+07:00,True,CHARGING,LOW_SOC
DE000253,T0032,2026-09-01T09:24:27.265151999+07:00,True,CHARGING,LOW_SOC
DE000254,T0032,2026-09-01T09:26:40.160383999+07:00,True,CHARGING,LOW_SOC
DE000255,T0032,2026-09-01T09:29:02.226329999+07:00,True,CHARGING,LOW_SOC
DE000256,T0032,2026-09-01T09:31:44.403611999+07:00,True,CHARGING,LOW_SOC
DE000257,T0033,2026-09-01T09:19:56.880200+07:00,True,BATTERY_SWAP,LOW_SOC_AND_INSUFFICIENT_RANGE
DE000258,T0033,2026-09-01T09:22:20.208400+07:00,True,BATTERY_SWAP,LOW_SOC_AND_INSUFFICIENT_RANGE
DE000259,T0033,2026-09-01T09:23:41.416852500+07:00,True,BATTERY_SWAP,LOW_SOC_AND_INSUFFICIENT_RANGE
DE000260,T0033,2026-09-01T09:25:38.261217500+07:00,True,BATTERY_SWAP,LOW_SOC_AND_INSUFFICIENT_RANGE
DE000261,T0033,2026-09-01T09:28:23.839497500+07:00,True,BATTERY_SWAP,LOW_SOC_AND_INSUFFICIENT_RANGE
DE000262,T0033,2026-09-01T09:31:01.065745500+07:00,True,BATTERY_SWAP,LOW_SOC_AND_INSUFFICIENT_RANGE
DE000263,T0033,2026-09-01T09:33:07.002473500+07:00,True,BATTERY_SWAP,LOW_SOC_AND_INSUFFICIENT_RANGE
DE000264,T0033,2026-09-01T09:35:24.344284666+07:00,True,BATTERY_SWAP,LOW_SOC_AND_INSUFFICIENT_RANGE
DE000265,T0034,2026-09-01T09:25:18.048613714+07:00,False,NONE,SUFFICIENT_SOC_RANGE
DE000266,T0034,2026-09-01T09:27:21.560626285+07:00,False,NONE,SUFFICIENT_SOC_RANGE
DE000267,T0034,2026-09-01T09:29:27.744468571+07:00,False,NONE,SUFFICIENT_SOC_RANGE
DE000268,T0034,2026-09-01T09:31:10.708850285+07:00,False,NONE,SUFFICIENT_SOC_RANGE
DE000269,T0034,2026-09-01T09:33:07.547707428+07:00,False,NONE,SUFFICIENT_SOC_RANGE
DE000270,T0034,2026-09-01T09:35:34.713219428+07:00,False,NONE,SUFFICIENT_SOC_RANGE
DE000271,T0034,2026-09-01T09:38:27.874027428+07:00,False,NONE,SUFFICIENT_SOC_RANGE
DE000272,T0034,2026-09-01T09:40:41.818947428+07:00,False,NONE,SUFFICIENT_SOC_RANGE
DE000273,T0035,2026-09-01T09:31:05.355264+07:00,False,NONE,SUFFICIENT_SOC_RANGE
DE000274,T0035,2026-09-01T09:33:02.905248+07:00,False,NONE,SUFFICIENT_SOC_RANGE
DE000275,T0035,2026-09-01T09:34:51.641248+07:00,False,NONE,SUFFICIENT_SOC_RANGE
DE000276,T0035,2026-09-01T09:36:37.750440+07:00,False,NONE,SUFFICIENT_SOC_RANGE
DE000277,T0035,2026-09-01T09:38:49.097704+07:00,False,NONE,SUFFICIENT_SOC_RANGE
DE000278,T0035,2026-09-01T09:40:35.387582857+07:00,False,NONE,SUFFICIENT_SOC_RANGE
DE000279,T0035,2026-09-01T09:42:14.042293714+07:00,False,NONE,SUFFICIENT_SOC_RANGE
DE000280,T0035,2026-09-01T09:43:57.841465904+07:00,False,NONE,SUFFICIENT_SOC_RANGE
DE000281,T0036,2026-09-01T09:36:48.641088+07:00,False,NONE,SUFFICIENT_SOC_RANGE
DE000282,T0036,2026-09-01T09:38:34.087343999+07:00,False,NONE,SUFFICIENT_SOC_RANGE
DE000283,T0036,2026-09-01T09:40:30.216143999+07:00,False,NONE,SUFFICIENT_SOC_RANGE
DE000284,T0036,2026-09-01T09:42:18.181584+07:00,False,NONE,SUFFICIENT_SOC_RANGE
DE000285,T0036,2026-09-01T09:43:50.355408+07:00,False,NONE,SUFFICIENT_SOC_RANGE
DE000286,T0036,2026-09-01T09:46:15.622715428+07:00,False,NONE,SUFFICIENT_SOC_RANGE
DE000287,T0036,2026-09-01T09:48:45.158572+07:00,False,NONE,SUFFICIENT_SOC_RANGE
DE000288,T0036,2026-09-01T09:50:08.447848+07:00,False,NONE,SUFFICIENT_SOC_RANGE
DE000289,T0037,2026-09-01T09:43:14.438000+07:00,False,NONE,SUFFICIENT_SOC_RANGE
DE000290,T0037,2026-09-01T09:44:59.062919999+07:00,False,NONE,SUFFICIENT_SOC_RANGE
DE000291,T0037,2026-09-01T09:46:51.059799999+07:00,False,NONE,SUFFICIENT_SOC_RANGE
DE000292,T0037,2026-09-01T09:48:38.769799999+07:00,False,NONE,SUFFICIENT_SOC_RANGE
DE000293,T0037,2026-09-01T09:50:33.194319999+07:00,False,NONE,SUFFICIENT_SOC_RANGE
DE000294,T0037,2026-09-01T09:52:23.236271999+07:00,False,NONE,SUFFICIENT_SOC_RANGE
DE000295,T0037,2026-09-01T09:53:49.128815999+07:00,False,NONE,SUFFICIENT_SOC_RANGE
DE000296,T0037,2026-09-01T09:55:30.106295999+07:00,False,NONE,SUFFICIENT_SOC_RANGE
DE000297,T0038,2026-09-01T09:48:39.510336+07:00,True,CHARGING,LOW_SOC
DE000298,T0038,2026-09-01T09:49:41.518128+07:00,True,CHARGING,LOW_SOC
DE000299,T0038,2026-09-01T09:50:45.095136+07:00,True,CHARGING,LOW_SOC
DE000300,T0038,2026-09-01T09:51:45.934272+07:00,True,CHARGING,LOW_SOC
DE000301,T0038,2026-09-01T09:52:41.442816+07:00,True,CHARGING,LOW_SOC
DE000302,T0038,2026-09-01T09:53:34.329948+07:00,True,CHARGING,LOW_SOC
DE000303,T0038,2026-09-01T09:54:39.857616+07:00,True,CHARGING,LOW_SOC
DE000304,T0038,2026-09-01T09:55:33.703248+07:00,True,CHARGING,LOW_SOC
DE000305,T0039,2026-09-01T09:55:03.370040+07:00,True,BATTERY_SWAP,LOW_SOC
DE000306,T0039,2026-09-01T09:56:46.914592+07:00,True,BATTERY_SWAP,LOW_SOC
DE000307,T0039,2026-09-01T09:58:06.070816+07:00,True,BATTERY_SWAP,LOW_SOC
DE000308,T0039,2026-09-01T09:59:36.090632+07:00,True,BATTERY_SWAP,LOW_SOC
DE000309,T0039,2026-09-01T10:00:52.169792+07:00,True,BATTERY_SWAP,LOW_SOC
DE000310,T0039,2026-09-01T10:02:22.654064+07:00,True,BATTERY_SWAP,LOW_SOC
DE000311,T0039,2026-09-01T10:03:53.798672+07:00,True,BATTERY_SWAP,LOW_SOC
DE000312,T0039,2026-09-01T10:05:16.391168+07:00,True,BATTERY_SWAP,LOW_SOC
DE000313,T0040,2026-09-01T10:01:12.207599999+07:00,True,CHARGING,LOW_SOC
DE000314,T0040,2026-09-01T10:02:40.220449999+07:00,True,CHARGING,LOW_SOC
DE000315,T0040,2026-09-01T10:04:26.813319999+07:00,True,CHARGING,LOW_SOC
DE000316,T0040,2026-09-01T10:06:04.691499999+07:00,True,CHARGING,LOW_SOC
DE000317,T0040,2026-09-01T10:07:38.526039999+07:00,True,CHARGING,LOW_SOC
DE000318,T0040,2026-09-01T10:09:12.272047999+07:00,True,CHARGING,LOW_SOC
DE000319,T0040,2026-09-01T10:10:43.749522666+07:00,True,CHARGING,LOW_SOC
DE000320,T0040,2026-09-01T10:12:23.597389333+07:00,True,CHARGING,LOW_SOC
DE000321,T0041,2026-09-01T10:06:29.826462857+07:00,True,CHARGING,LOW_SOC
DE000322,T0041,2026-09-01T10:07:13.435237714+07:00,True,CHARGING,LOW_SOC
DE000323,T0041,2026-09-01T10:08:14.416677714+07:00,True,CHARGING,LOW_SOC
DE000324,T0041,2026-09-01T10:09:18.005685714+07:00,True,CHARGING,LOW_SOC
DE000325,T0041,2026-09-01T10:10:15.048786285+07:00,True,CHARGING,LOW_SOC
DE000326,T0041,2026-09-01T10:11:07.533169142+07:00,True,CHARGING,LOW_SOC
DE000327,T0041,2026-09-01T10:11:53.476081142+07:00,True,CHARGING,LOW_SOC
DE000328,T0041,2026-09-01T10:12:39.324032+07:00,True,CHARGING,LOW_SOC
DE000329,T0042,2026-09-01T10:13:42.791912500+07:00,True,BATTERY_SWAP,LOW_SOC
DE000330,T0042,2026-09-01T10:16:10.080375+07:00,True,BATTERY_SWAP,LOW_SOC
DE000331,T0042,2026-09-01T10:19:00.732126785+07:00,True,BATTERY_SWAP,LOW_SOC
DE000332,T0042,2026-09-01T10:22:01.560148500+07:00,True,BATTERY_SWAP,LOW_SOC
DE000333,T0042,2026-09-01T10:25:03.182281833+07:00,True,BATTERY_SWAP,LOW_SOC
DE000334,T0042,2026-09-01T10:27:54.817148499+07:00,True,BATTERY_SWAP,LOW_SOC
DE000335,T0042,2026-09-01T10:31:24.886548499+07:00,True,BATTERY_SWAP,LOW_SOC
DE000336,T0042,2026-09-01T10:33:53.965684999+07:00,True,BATTERY_SWAP,LOW_SOC
DE000337,T0043,2026-09-01T10:19:38.033396571+07:00,False,NONE,SUFFICIENT_SOC_RANGE
DE000338,T0043,2026-09-01T10:21:14.778061714+07:00,False,NONE,SUFFICIENT_SOC_RANGE
DE000339,T0043,2026-09-01T10:22:57.674777142+07:00,False,NONE,SUFFICIENT_SOC_RANGE
DE000340,T0043,2026-09-01T10:25:18.624617142+07:00,False,NONE,SUFFICIENT_SOC_RANGE
DE000341,T0043,2026-09-01T10:27:43.956210554+07:00,False,NONE,SUFFICIENT_SOC_RANGE
DE000342,T0043,2026-09-01T10:30:08.742569142+07:00,False,NONE,SUFFICIENT_SOC_RANGE
DE000343,T0043,2026-09-01T10:32:33.108329142+07:00,False,NONE,SUFFICIENT_SOC_RANGE
DE000344,T0043,2026-09-01T10:35:02.555010554+07:00,False,NONE,SUFFICIENT_SOC_RANGE
DE000345,T0044,2026-09-01T10:24:44.091675200+07:00,False,NONE,SUFFICIENT_SOC_RANGE
DE000346,T0044,2026-09-01T10:25:36.296856+07:00,False,NONE,SUFFICIENT_SOC_RANGE
DE000347,T0044,2026-09-01T10:26:42.520855999+07:00,False,NONE,SUFFICIENT_SOC_RANGE
DE000348,T0044,2026-09-01T10:27:46.711084571+07:00,False,NONE,SUFFICIENT_SOC_RANGE
DE000349,T0044,2026-09-01T10:28:47.219256+07:00,False,NONE,SUFFICIENT_SOC_RANGE
DE000350,T0044,2026-09-01T10:29:51.159884+07:00,False,NONE,SUFFICIENT_SOC_RANGE
DE000351,T0044,2026-09-01T10:30:35.698072+07:00,False,NONE,SUFFICIENT_SOC_RANGE
DE000352,T0044,2026-09-01T10:31:39.073032+07:00,False,NONE,SUFFICIENT_SOC_RANGE
DE000353,T0045,2026-09-01T10:31:06.528499500+07:00,True,BATTERY_SWAP,LOW_SOC
DE000354,T0045,2026-09-01T10:32:58.331043499+07:00,True,BATTERY_SWAP,LOW_SOC
DE000355,T0045,2026-09-01T10:34:51.731296299+07:00,True,BATTERY_SWAP,LOW_SOC
DE000356,T0045,2026-09-01T10:36:43.521750700+07:00,True,BATTERY_SWAP,LOW_SOC
DE000357,T0045,2026-09-01T10:38:33.158375500+07:00,True,BATTERY_SWAP,LOW_SOC
DE000358,T0045,2026-09-01T10:40:09.562474+07:00,True,BATTERY_SWAP,LOW_SOC
DE000359,T0045,2026-09-01T10:41:07.087521999+07:00,True,BATTERY_SWAP,LOW_SOC
DE000360,T0045,2026-09-01T10:42:10.430403999+07:00,True,BATTERY_SWAP,LOW_SOC
DE000361,T0046,2026-09-01T10:37:26.112999999+07:00,True,CHARGING,LOW_SOC
DE000362,T0046,2026-09-01T10:39:08.033096+07:00,True,CHARGING,LOW_SOC
DE000363,T0046,2026-09-01T10:40:54.592688+07:00,True,CHARGING,LOW_SOC
DE000364,T0046,2026-09-01T10:42:01.223144+07:00,True,CHARGING,LOW_SOC
DE000365,T0046,2026-09-01T10:44:04.550976+07:00,True,CHARGING,LOW_SOC
DE000366,T0046,2026-09-01T10:46:26.960420444+07:00,True,CHARGING,LOW_SOC
DE000367,T0046,2026-09-01T10:48:21.864776+07:00,True,CHARGING,LOW_SOC
DE000368,T0046,2026-09-01T10:49:51.979633142+07:00,True,CHARGING,LOW_SOC
DE000369,T0047,2026-09-01T10:42:57.987400+07:00,True,BATTERY_SWAP,LOW_SOC
DE000370,T0047,2026-09-01T10:45:20.894679999+07:00,True,BATTERY_SWAP,LOW_SOC
DE000371,T0047,2026-09-01T10:47:35.591559999+07:00,True,BATTERY_SWAP,LOW_SOC
DE000372,T0047,2026-09-01T10:49:55.431215999+07:00,True,BATTERY_SWAP,LOW_SOC
DE000373,T0047,2026-09-01T10:52:03.272192+07:00,True,BATTERY_SWAP,LOW_SOC
DE000374,T0047,2026-09-01T10:54:53.760240+07:00,True,BATTERY_SWAP,LOW_SOC
DE000375,T0047,2026-09-01T10:58:10.596120+07:00,True,BATTERY_SWAP,LOW_SOC
DE000376,T0047,2026-09-01T11:00:33.010872+07:00,True,BATTERY_SWAP,LOW_SOC
DE000377,T0048,2026-09-01T10:49:14.941279875+07:00,True,BATTERY_SWAP,LOW_SOC
DE000378,T0048,2026-09-01T10:51:03.488003333+07:00,True,BATTERY_SWAP,LOW_SOC
DE000379,T0048,2026-09-01T10:52:51.186355333+07:00,True,BATTERY_SWAP,LOW_SOC
DE000380,T0048,2026-09-01T10:54:31.883565999+07:00,True,BATTERY_SWAP,LOW_SOC
DE000381,T0048,2026-09-01T10:56:10.989989999+07:00,True,BATTERY_SWAP,LOW_SOC
DE000382,T0048,2026-09-01T10:58:12.975525999+07:00,True,BATTERY_SWAP,LOW_SOC
DE000383,T0048,2026-09-01T11:00:07.532687500+07:00,True,BATTERY_SWAP,LOW_SOC
DE000384,T0048,2026-09-01T11:01:55.851961+07:00,True,BATTERY_SWAP,LOW_SOC
DE000385,T0049,2026-09-01T10:54:49.492369999+07:00,True,CHARGING,LOW_SOC
DE000386,T0049,2026-09-01T10:55:49.396415428+07:00,True,CHARGING,LOW_SOC
DE000387,T0049,2026-09-01T10:56:49.644187084+07:00,True,CHARGING,LOW_SOC
DE000388,T0049,2026-09-01T10:58:07.213714357+07:00,True,CHARGING,LOW_SOC
DE000389,T0049,2026-09-01T10:59:45.333950357+07:00,True,CHARGING,LOW_SOC
DE000390,T0049,2026-09-01T11:01:25.618642357+07:00,True,CHARGING,LOW_SOC
DE000391,T0049,2026-09-01T11:02:45.607988642+07:00,True,CHARGING,LOW_SOC
DE000392,T0049,2026-09-01T11:04:09.909974357+07:00,True,CHARGING,LOW_SOC
DE000393,T0050,2026-09-01T11:01:56.470399999+07:00,True,CHARGING,LOW_SOC
DE000394,T0050,2026-09-01T11:04:51.042599999+07:00,True,CHARGING,LOW_SOC
DE000395,T0050,2026-09-01T11:07:43.807399999+07:00,True,CHARGING,LOW_SOC
DE000396,T0050,2026-09-01T11:10:42.495999999+07:00,True,CHARGING,LOW_SOC
DE000397,T0050,2026-09-01T11:13:36.371600+07:00,True,CHARGING,LOW_SOC
DE000398,T0050,2026-09-01T11:16:33.058000+07:00,True,CHARGING,LOW_SOC
DE000399,T0050,2026-09-01T11:19:28.935800+07:00,True,CHARGING,LOW_SOC
DE000400,T0050,2026-09-01T11:22:21.700600+07:00,True,CHARGING,LOW_SOC
DE000401,T0051,2026-09-01T11:06:52.405703214+07:00,True,BATTERY_SWAP,LOW_SOC
DE000402,T0051,2026-09-01T11:08:21.678868414+07:00,True,BATTERY_SWAP,LOW_SOC
DE000403,T0051,2026-09-01T11:09:21.860995309+07:00,True,BATTERY_SWAP,LOW_SOC
DE000404,T0051,2026-09-01T11:10:37.018103642+07:00,True,BATTERY_SWAP,LOW_SOC
DE000405,T0051,2026-09-01T11:11:57.435520309+07:00,True,BATTERY_SWAP,LOW_SOC
DE000406,T0051,2026-09-01T11:13:06.949691142+07:00,True,BATTERY_SWAP,LOW_SOC
DE000407,T0051,2026-09-01T11:14:42.736657809+07:00,True,BATTERY_SWAP,LOW_SOC
DE000408,T0051,2026-09-01T11:16:16.362991142+07:00,True,BATTERY_SWAP,LOW_SOC
DE000409,T0052,2026-09-01T11:13:02.549937+07:00,True,CHARGING,LOW_SOC
DE000410,T0052,2026-09-01T11:15:07.150969999+07:00,True,CHARGING,LOW_SOC
DE000411,T0052,2026-09-01T11:17:04.324056999+07:00,True,CHARGING,LOW_SOC
DE000412,T0052,2026-09-01T11:19:19.467990333+07:00,True,CHARGING,LOW_SOC
DE000413,T0052,2026-09-01T11:21:37.985008999+07:00,True,CHARGING,LOW_SOC
DE000414,T0052,2026-09-01T11:23:43.817742333+07:00,True,CHARGING,LOW_SOC
DE000415,T0052,2026-09-01T11:25:43.486218142+07:00,True,CHARGING,LOW_SOC
DE000416,T0052,2026-09-01T11:27:52.033092999+07:00,True,CHARGING,LOW_SOC
DE000417,T0053,2026-09-01T11:19:39.372240+07:00,True,CHARGING,LOW_SOC
DE000418,T0053,2026-09-01T11:22:03.576287999+07:00,True,CHARGING,LOW_SOC
DE000419,T0053,2026-09-01T11:24:27.890495999+07:00,True,CHARGING,LOW_SOC
DE000420,T0053,2026-09-01T11:26:44.619247999+07:00,True,CHARGING,LOW_SOC
DE000421,T0053,2026-09-01T11:29:00.931988571+07:00,True,CHARGING,LOW_SOC
DE000422,T0053,2026-09-01T11:31:19.983756+07:00,True,CHARGING,LOW_SOC
DE000423,T0053,2026-09-01T11:33:33.317397600+07:00,True,CHARGING,LOW_SOC
DE000424,T0053,2026-09-01T11:35:48.014309142+07:00,True,CHARGING,LOW_SOC
DE000425,T0054,2026-09-01T11:25:47.290820+07:00,True,BATTERY_SWAP,LOW_SOC_AND_INSUFFICIENT_RANGE
DE000426,T0054,2026-09-01T11:28:16.750400+07:00,True,BATTERY_SWAP,LOW_SOC_AND_INSUFFICIENT_RANGE
DE000427,T0054,2026-09-01T11:30:38.035328+07:00,True,BATTERY_SWAP,LOW_SOC_AND_INSUFFICIENT_RANGE
DE000428,T0054,2026-09-01T11:33:08.751959999+07:00,True,BATTERY_SWAP,LOW_SOC_AND_INSUFFICIENT_RANGE
DE000429,T0054,2026-09-01T11:34:53.976442285+07:00,True,BATTERY_SWAP,LOW_SOC_AND_INSUFFICIENT_RANGE
DE000430,T0054,2026-09-01T11:36:54.891463999+07:00,True,BATTERY_SWAP,LOW_SOC_AND_INSUFFICIENT_RANGE
DE000431,T0054,2026-09-01T11:38:49.200575999+07:00,True,BATTERY_SWAP,LOW_SOC_AND_INSUFFICIENT_RANGE
DE000432,T0054,2026-09-01T11:41:14.539455999+07:00,True,BATTERY_SWAP,LOW_SOC_AND_INSUFFICIENT_RANGE
DE000433,T0055,2026-09-01T11:31:06.035000+07:00,False,NONE,SUFFICIENT_SOC_RANGE
DE000434,T0055,2026-09-01T11:32:33.381856+07:00,False,NONE,SUFFICIENT_SOC_RANGE
DE000435,T0055,2026-09-01T11:33:51.196144+07:00,False,NONE,SUFFICIENT_SOC_RANGE
DE000436,T0055,2026-09-01T11:35:45.937443999+07:00,False,NONE,SUFFICIENT_SOC_RANGE
DE000437,T0055,2026-09-01T11:37:38.152143999+07:00,False,NONE,SUFFICIENT_SOC_RANGE
DE000438,T0055,2026-09-01T11:39:27.930343999+07:00,False,NONE,SUFFICIENT_SOC_RANGE
DE000439,T0055,2026-09-01T11:40:56.698943999+07:00,False,NONE,SUFFICIENT_SOC_RANGE
DE000440,T0055,2026-09-01T11:42:19.982631999+07:00,False,NONE,SUFFICIENT_SOC_RANGE
DE000441,T0056,2026-09-01T11:38:00.848411428+07:00,False,NONE,SUFFICIENT_SOC_RANGE
DE000442,T0056,2026-09-01T11:40:47.356263428+07:00,False,NONE,SUFFICIENT_SOC_RANGE
DE000443,T0056,2026-09-01T11:43:19.932284928+07:00,False,NONE,SUFFICIENT_SOC_RANGE
DE000444,T0056,2026-09-01T11:46:30.930072928+07:00,False,NONE,SUFFICIENT_SOC_RANGE
DE000445,T0056,2026-09-01T11:49:12.080528928+07:00,False,NONE,SUFFICIENT_SOC_RANGE
DE000446,T0056,2026-09-01T11:51:54.388328928+07:00,False,NONE,SUFFICIENT_SOC_RANGE
DE000447,T0056,2026-09-01T11:54:34.099216928+07:00,False,NONE,SUFFICIENT_SOC_RANGE
DE000448,T0056,2026-09-01T11:57:35.428648928+07:00,False,NONE,SUFFICIENT_SOC_RANGE
DE000449,T0057,2026-09-01T11:42:43.022600+07:00,False,NONE,SUFFICIENT_SOC_RANGE
DE000450,T0057,2026-09-01T11:43:45.629733333+07:00,False,NONE,SUFFICIENT_SOC_RANGE
DE000451,T0057,2026-09-01T11:44:50.158699999+07:00,False,NONE,SUFFICIENT_SOC_RANGE
DE000452,T0057,2026-09-01T11:45:55.134733333+07:00,False,NONE,SUFFICIENT_SOC_RANGE
DE000453,T0057,2026-09-01T11:46:58.384066666+07:00,False,NONE,SUFFICIENT_SOC_RANGE
DE000454,T0057,2026-09-01T11:48:02.015199999+07:00,False,NONE,SUFFICIENT_SOC_RANGE
DE000455,T0057,2026-09-01T11:49:08.211533333+07:00,False,NONE,SUFFICIENT_SOC_RANGE
DE000456,T0057,2026-09-01T11:50:09.897599999+07:00,False,NONE,SUFFICIENT_SOC_RANGE
DE000457,T0058,2026-09-01T11:49:16.702574999+07:00,False,NONE,SUFFICIENT_SOC_RANGE
DE000458,T0058,2026-09-01T11:51:03.689374999+07:00,False,NONE,SUFFICIENT_SOC_RANGE
DE000459,T0058,2026-09-01T11:53:05.180975+07:00,False,NONE,SUFFICIENT_SOC_RANGE
DE000460,T0058,2026-09-01T11:55:04.114375+07:00,False,NONE,SUFFICIENT_SOC_RANGE
DE000461,T0058,2026-09-01T11:57:09.566575+07:00,False,NONE,SUFFICIENT_SOC_RANGE
DE000462,T0058,2026-09-01T11:58:59.182175+07:00,False,NONE,SUFFICIENT_SOC_RANGE
DE000463,T0058,2026-09-01T12:00:45.983772500+07:00,False,NONE,SUFFICIENT_SOC_RANGE
DE000464,T0058,2026-09-01T12:02:45.271372500+07:00,False,NONE,SUFFICIENT_SOC_RANGE
DE000465,T0059,2026-09-01T11:54:58.146911999+07:00,True,CHARGING,LOW_SOC
DE000466,T0059,2026-09-01T11:56:35.764944+07:00,True,CHARGING,LOW_SOC
DE000467,T0059,2026-09-01T11:58:13.235663999+07:00,True,CHARGING,LOW_SOC
DE000468,T0059,2026-09-01T11:59:54.666240+07:00,True,CHARGING,LOW_SOC
DE000469,T0059,2026-09-01T12:01:38.881457599+07:00,True,CHARGING,LOW_SOC
DE000470,T0059,2026-09-01T12:03:11.793908+07:00,True,CHARGING,LOW_SOC
DE000471,T0059,2026-09-01T12:04:50.691240+07:00,True,CHARGING,LOW_SOC
DE000472,T0059,2026-09-01T12:06:17.919536+07:00,True,CHARGING,LOW_SOC
DE000473,T0060,2026-09-01T12:01:35.924178+07:00,True,BATTERY_SWAP,LOW_SOC
DE000474,T0060,2026-09-01T12:04:01.432384500+07:00,True,BATTERY_SWAP,LOW_SOC
DE000475,T0060,2026-09-01T12:06:26.690116500+07:00,True,BATTERY_SWAP,LOW_SOC
DE000476,T0060,2026-09-01T12:08:56.547712500+07:00,True,BATTERY_SWAP,LOW_SOC
DE000477,T0060,2026-09-01T12:10:36.223372500+07:00,True,BATTERY_SWAP,LOW_SOC
DE000478,T0060,2026-09-01T12:12:44.103460500+07:00,True,BATTERY_SWAP,LOW_SOC
DE000479,T0060,2026-09-01T12:15:22.738252500+07:00,True,BATTERY_SWAP,LOW_SOC
DE000480,T0060,2026-09-01T12:18:05.186380500+07:00,True,BATTERY_SWAP,LOW_SOC
DE000481,T0061,2026-09-01T12:08:04.112097142+07:00,True,CHARGING,LOW_SOC
DE000482,T0061,2026-09-01T12:11:29.329578461+07:00,True,CHARGING,LOW_SOC
DE000483,T0061,2026-09-01T12:14:12.061992+07:00,True,CHARGING,LOW_SOC
DE000484,T0061,2026-09-01T12:17:25.157141777+07:00,True,CHARGING,LOW_SOC
DE000485,T0061,2026-09-01T12:20:35.011192+07:00,True,CHARGING,LOW_SOC
DE000486,T0061,2026-09-01T12:22:49.929595+07:00,True,CHARGING,LOW_SOC
DE000487,T0061,2026-09-01T12:24:56.056238500+07:00,True,CHARGING,LOW_SOC
DE000488,T0061,2026-09-01T12:27:25.512440499+07:00,True,CHARGING,LOW_SOC
DE000489,T0062,2026-09-01T12:12:42.210699428+07:00,True,CHARGING,LOW_SOC
DE000490,T0062,2026-09-01T12:13:49.846491428+07:00,True,CHARGING,LOW_SOC
DE000491,T0062,2026-09-01T12:15:00.969823542+07:00,True,CHARGING,LOW_SOC
DE000492,T0062,2026-09-01T12:16:04.238893714+07:00,True,CHARGING,LOW_SOC
DE000493,T0062,2026-09-01T12:17:23.967508714+07:00,True,CHARGING,LOW_SOC
DE000494,T0062,2026-09-01T12:18:27.111225857+07:00,True,CHARGING,LOW_SOC
DE000495,T0062,2026-09-01T12:19:18.711753857+07:00,True,CHARGING,LOW_SOC
DE000496,T0062,2026-09-01T12:20:07.705182428+07:00,True,CHARGING,LOW_SOC
DE000497,T0063,2026-09-01T12:19:00.641256+07:00,True,BATTERY_SWAP,LOW_SOC
DE000498,T0063,2026-09-01T12:20:42.843448+07:00,True,BATTERY_SWAP,LOW_SOC
DE000499,T0063,2026-09-01T12:22:02.726048+07:00,True,BATTERY_SWAP,LOW_SOC
DE000500,T0063,2026-09-01T12:23:08.507648+07:00,True,BATTERY_SWAP,LOW_SOC
DE000501,T0063,2026-09-01T12:24:26.029840+07:00,True,BATTERY_SWAP,LOW_SOC
DE000502,T0063,2026-09-01T12:25:53.400056+07:00,True,BATTERY_SWAP,LOW_SOC
DE000503,T0063,2026-09-01T12:26:51.172856+07:00,True,BATTERY_SWAP,LOW_SOC
DE000504,T0063,2026-09-01T12:28:14.567656+07:00,True,BATTERY_SWAP,LOW_SOC
DE000505,T0064,2026-09-01T12:25:39.665567999+07:00,False,NONE,SUFFICIENT_SOC_RANGE
DE000506,T0064,2026-09-01T12:28:09.333027999+07:00,False,NONE,SUFFICIENT_SOC_RANGE
DE000507,T0064,2026-09-01T12:30:02.887297499+07:00,False,NONE,SUFFICIENT_SOC_RANGE
DE000508,T0064,2026-09-01T12:32:08.051801142+07:00,False,NONE,SUFFICIENT_SOC_RANGE
DE000509,T0064,2026-09-01T12:34:02.488281499+07:00,False,NONE,SUFFICIENT_SOC_RANGE
DE000510,T0064,2026-09-01T12:36:37.381989999+07:00,False,NONE,SUFFICIENT_SOC_RANGE
DE000511,T0064,2026-09-01T12:38:36.715212999+07:00,False,NONE,SUFFICIENT_SOC_RANGE
DE000512,T0064,2026-09-01T12:40:36.428636499+07:00,False,NONE,SUFFICIENT_SOC_RANGE
DE000513,T0065,2026-09-01T12:31:36.960239999+07:00,False,NONE,SUFFICIENT_SOC_RANGE
DE000514,T0065,2026-09-01T12:33:56.925422999+07:00,False,NONE,SUFFICIENT_SOC_RANGE
DE000515,T0065,2026-09-01T12:36:22.694031+07:00,False,NONE,SUFFICIENT_SOC_RANGE
DE000516,T0065,2026-09-01T12:38:47.411251800+07:00,False,NONE,SUFFICIENT_SOC_RANGE
DE000517,T0065,2026-09-01T12:41:12.912495+07:00,False,NONE,SUFFICIENT_SOC_RANGE
DE000518,T0065,2026-09-01T12:43:40.602509400+07:00,False,NONE,SUFFICIENT_SOC_RANGE
DE000519,T0065,2026-09-01T12:46:08.858127+07:00,False,NONE,SUFFICIENT_SOC_RANGE
DE000520,T0065,2026-09-01T12:48:42.265862999+07:00,False,NONE,SUFFICIENT_SOC_RANGE
DE000521,T0066,2026-09-01T12:36:56.401919999+07:00,True,BATTERY_SWAP,LOW_SOC
DE000522,T0066,2026-09-01T12:38:20.522687999+07:00,True,BATTERY_SWAP,LOW_SOC
DE000523,T0066,2026-09-01T12:39:43.458623999+07:00,True,BATTERY_SWAP,LOW_SOC
DE000524,T0066,2026-09-01T12:41:08.124575999+07:00,True,BATTERY_SWAP,LOW_SOC
DE000525,T0066,2026-09-01T12:42:35.320175999+07:00,True,BATTERY_SWAP,LOW_SOC
DE000526,T0066,2026-09-01T12:44:01.919903999+07:00,True,BATTERY_SWAP,LOW_SOC
DE000527,T0066,2026-09-01T12:45:29.112479999+07:00,True,BATTERY_SWAP,LOW_SOC
DE000528,T0066,2026-09-01T12:46:53.790815999+07:00,True,BATTERY_SWAP,LOW_SOC
DE000529,T0067,2026-09-01T12:43:08.728344571+07:00,True,CHARGING,LOW_SOC
DE000530,T0067,2026-09-01T12:45:35.001386285+07:00,True,CHARGING,LOW_SOC
DE000531,T0067,2026-09-01T12:47:18.525889142+07:00,True,CHARGING,LOW_SOC
DE000532,T0067,2026-09-01T12:49:23.021896+07:00,True,CHARGING,LOW_SOC
DE000533,T0067,2026-09-01T12:51:52.901528+07:00,True,CHARGING,LOW_SOC
DE000534,T0067,2026-09-01T12:53:56.053264+07:00,True,CHARGING,LOW_SOC
DE000535,T0067,2026-09-01T12:56:24.166659500+07:00,True,CHARGING,LOW_SOC
DE000536,T0067,2026-09-01T12:58:28.923876+07:00,True,CHARGING,LOW_SOC
DE000537,T0068,2026-09-01T12:49:19.962073499+07:00,True,BATTERY_SWAP,LOW_SOC
DE000538,T0068,2026-09-01T12:51:20.020626+07:00,True,BATTERY_SWAP,LOW_SOC
DE000539,T0068,2026-09-01T12:53:12.102533999+07:00,True,BATTERY_SWAP,LOW_SOC
DE000540,T0068,2026-09-01T12:54:32.011351999+07:00,True,BATTERY_SWAP,LOW_SOC
DE000541,T0068,2026-09-01T12:56:36.276641999+07:00,True,BATTERY_SWAP,LOW_SOC
DE000542,T0068,2026-09-01T12:57:22.431968153+07:00,True,BATTERY_SWAP,LOW_SOC
DE000543,T0068,2026-09-01T12:58:19.955349999+07:00,True,BATTERY_SWAP,LOW_SOC
DE000544,T0068,2026-09-01T13:00:15.795429999+07:00,True,BATTERY_SWAP,LOW_SOC
DE000545,T0069,2026-09-01T12:55:15.211315499+07:00,True,BATTERY_SWAP,LOW_SOC
DE000546,T0069,2026-09-01T12:57:09.326183500+07:00,True,BATTERY_SWAP,LOW_SOC
DE000547,T0069,2026-09-01T12:58:49.043979500+07:00,True,BATTERY_SWAP,LOW_SOC
DE000548,T0069,2026-09-01T13:00:43.042504500+07:00,True,BATTERY_SWAP,LOW_SOC
DE000549,T0069,2026-09-01T13:02:34.132779500+07:00,True,BATTERY_SWAP,LOW_SOC
DE000550,T0069,2026-09-01T13:04:27.383854500+07:00,True,BATTERY_SWAP,LOW_SOC
DE000551,T0069,2026-09-01T13:06:22.397929499+07:00,True,BATTERY_SWAP,LOW_SOC
DE000552,T0069,2026-09-01T13:08:16.856266999+07:00,True,BATTERY_SWAP,LOW_SOC
DE000553,T0070,2026-09-01T13:01:00.885596250+07:00,True,CHARGING,LOW_SOC
DE000554,T0070,2026-09-01T13:02:52.543620461+07:00,True,CHARGING,LOW_SOC
DE000555,T0070,2026-09-01T13:05:16.353090+07:00,True,CHARGING,LOW_SOC
DE000556,T0070,2026-09-01T13:07:46.715538+07:00,True,CHARGING,LOW_SOC
DE000557,T0070,2026-09-01T13:10:11.696418+07:00,True,CHARGING,LOW_SOC
DE000558,T0070,2026-09-01T13:12:33.161961999+07:00,True,CHARGING,LOW_SOC
DE000559,T0070,2026-09-01T13:14:46.255853294+07:00,True,CHARGING,LOW_SOC
DE000560,T0070,2026-09-01T13:16:50.297773999+07:00,True,CHARGING,LOW_SOC
DE000561,T0071,2026-09-01T13:06:41.920055999+07:00,True,CHARGING,LOW_SOC
DE000562,T0071,2026-09-01T13:07:19.179380999+07:00,True,CHARGING,LOW_SOC
DE000563,T0071,2026-09-01T13:07:49.505832428+07:00,True,CHARGING,LOW_SOC
DE000564,T0071,2026-09-01T13:08:20.770824428+07:00,True,CHARGING,LOW_SOC
DE000565,T0071,2026-09-01T13:09:15.211728428+07:00,True,CHARGING,LOW_SOC
DE000566,T0071,2026-09-01T13:10:13.194559071+07:00,True,CHARGING,LOW_SOC
DE000567,T0071,2026-09-01T13:11:27.211991071+07:00,True,CHARGING,LOW_SOC
DE000568,T0071,2026-09-01T13:12:41.673567071+07:00,True,CHARGING,LOW_SOC
DE000569,T0072,2026-09-01T13:13:57.068854+07:00,True,BATTERY_SWAP,LOW_SOC
DE000570,T0072,2026-09-01T13:16:41.477789714+07:00,True,BATTERY_SWAP,LOW_SOC
DE000571,T0072,2026-09-01T13:18:44.143958+07:00,True,BATTERY_SWAP,LOW_SOC
DE000572,T0072,2026-09-01T13:20:49.738009499+07:00,True,BATTERY_SWAP,LOW_SOC
DE000573,T0072,2026-09-01T13:22:07.150085499+07:00,True,BATTERY_SWAP,LOW_SOC
DE000574,T0072,2026-09-01T13:23:42.215271499+07:00,True,BATTERY_SWAP,LOW_SOC
DE000575,T0072,2026-09-01T13:25:36.851067499+07:00,True,BATTERY_SWAP,LOW_SOC
DE000576,T0072,2026-09-01T13:27:19.686276499+07:00,True,BATTERY_SWAP,LOW_SOC
DE000577,T0073,2026-09-01T13:19:41.509560+07:00,True,CHARGING,LOW_SOC
DE000578,T0073,2026-09-01T13:21:59.352339214+07:00,True,CHARGING,LOW_SOC
DE000579,T0073,2026-09-01T13:24:09.247125599+07:00,True,CHARGING,LOW_SOC
DE000580,T0073,2026-09-01T13:26:20.598274499+07:00,True,CHARGING,LOW_SOC
DE000581,T0073,2026-09-01T13:28:40.343758499+07:00,True,CHARGING,LOW_SOC
DE000582,T0073,2026-09-01T13:31:21.225598499+07:00,True,CHARGING,LOW_SOC
DE000583,T0073,2026-09-01T13:34:06.836734499+07:00,True,CHARGING,LOW_SOC
DE000584,T0073,2026-09-01T13:36:45.240430499+07:00,True,CHARGING,LOW_SOC
DE000585,T0074,2026-09-01T13:25:41.073480+07:00,True,CHARGING,LOW_SOC
DE000586,T0074,2026-09-01T13:28:24.664624+07:00,True,CHARGING,LOW_SOC
DE000587,T0074,2026-09-01T13:30:47.557750500+07:00,True,CHARGING,LOW_SOC
DE000588,T0074,2026-09-01T13:32:04.298104500+07:00,True,CHARGING,LOW_SOC
DE000589,T0074,2026-09-01T13:33:21.945722500+07:00,True,CHARGING,LOW_SOC
DE000590,T0074,2026-09-01T13:35:46.318742499+07:00,True,CHARGING,LOW_SOC
DE000591,T0074,2026-09-01T13:37:10.215801928+07:00,True,CHARGING,LOW_SOC
DE000592,T0074,2026-09-01T13:38:59.021353071+07:00,True,CHARGING,LOW_SOC
DE000593,T0075,2026-09-01T13:31:08.371183999+07:00,True,BATTERY_SWAP,LOW_SOC_AND_INSUFFICIENT_RANGE
DE000594,T0075,2026-09-01T13:32:52.239679999+07:00,True,BATTERY_SWAP,LOW_SOC_AND_INSUFFICIENT_RANGE
DE000595,T0075,2026-09-01T13:34:26.509095499+07:00,True,BATTERY_SWAP,LOW_SOC_AND_INSUFFICIENT_RANGE
DE000596,T0075,2026-09-01T13:36:23.044598500+07:00,True,BATTERY_SWAP,LOW_SOC_AND_INSUFFICIENT_RANGE
DE000597,T0075,2026-09-01T13:38:11.758694500+07:00,True,BATTERY_SWAP,LOW_SOC_AND_INSUFFICIENT_RANGE
DE000598,T0075,2026-09-01T13:40:02.406998500+07:00,True,BATTERY_SWAP,LOW_SOC_AND_INSUFFICIENT_RANGE
DE000599,T0075,2026-09-01T13:41:52.084130500+07:00,True,BATTERY_SWAP,LOW_SOC_AND_INSUFFICIENT_RANGE
DE000600,T0075,2026-09-01T13:43:45.499205500+07:00,True,BATTERY_SWAP,LOW_SOC_AND_INSUFFICIENT_RANGE
DE000601,T0076,2026-09-01T13:36:37.973023999+07:00,False,NONE,SUFFICIENT_SOC_RANGE
DE000602,T0076,2026-09-01T13:37:27.250265+07:00,False,NONE,SUFFICIENT_SOC_RANGE
DE000603,T0076,2026-09-01T13:38:08.710153166+07:00,False,NONE,SUFFICIENT_SOC_RANGE
DE000604,T0076,2026-09-01T13:39:16.782686499+07:00,False,NONE,SUFFICIENT_SOC_RANGE
DE000605,T0076,2026-09-01T13:40:30.340400785+07:00,False,NONE,SUFFICIENT_SOC_RANGE
DE000606,T0076,2026-09-01T13:41:12.155049699+07:00,False,NONE,SUFFICIENT_SOC_RANGE
DE000607,T0076,2026-09-01T13:41:53.691878499+07:00,False,NONE,SUFFICIENT_SOC_RANGE
DE000608,T0076,2026-09-01T13:43:11.437745166+07:00,False,NONE,SUFFICIENT_SOC_RANGE
DE000609,T0077,2026-09-01T13:44:06.701100+07:00,False,NONE,SUFFICIENT_SOC_RANGE
DE000610,T0077,2026-09-01T13:46:47.263646499+07:00,False,NONE,SUFFICIENT_SOC_RANGE
DE000611,T0077,2026-09-01T13:48:56.029527499+07:00,False,NONE,SUFFICIENT_SOC_RANGE
DE000612,T0077,2026-09-01T13:51:39.898631+07:00,False,NONE,SUFFICIENT_SOC_RANGE
DE000613,T0077,2026-09-01T13:54:26.206442428+07:00,False,NONE,SUFFICIENT_SOC_RANGE
DE000614,T0077,2026-09-01T13:57:47.233506428+07:00,False,NONE,SUFFICIENT_SOC_RANGE
DE000615,T0077,2026-09-01T14:00:42.554682714+07:00,False,NONE,SUFFICIENT_SOC_RANGE
DE000616,T0077,2026-09-01T14:03:17.123969571+07:00,False,NONE,SUFFICIENT_SOC_RANGE
DE000617,T0078,2026-09-01T13:49:26.369051076+07:00,False,NONE,SUFFICIENT_SOC_RANGE
DE000618,T0078,2026-09-01T13:51:32.524055999+07:00,False,NONE,SUFFICIENT_SOC_RANGE
DE000619,T0078,2026-09-01T13:53:44.253229714+07:00,False,NONE,SUFFICIENT_SOC_RANGE
DE000620,T0078,2026-09-01T13:55:49.642247999+07:00,False,NONE,SUFFICIENT_SOC_RANGE
DE000621,T0078,2026-09-01T13:57:54.966455999+07:00,False,NONE,SUFFICIENT_SOC_RANGE
DE000622,T0078,2026-09-01T13:59:30.701210999+07:00,False,NONE,SUFFICIENT_SOC_RANGE
DE000623,T0078,2026-09-01T14:00:46.261925999+07:00,False,NONE,SUFFICIENT_SOC_RANGE
DE000624,T0078,2026-09-01T14:01:47.086544307+07:00,False,NONE,SUFFICIENT_SOC_RANGE
DE000625,T0079,2026-09-01T13:55:23.262384+07:00,False,NONE,SUFFICIENT_SOC_RANGE
DE000626,T0079,2026-09-01T13:56:42.650069419+07:00,False,NONE,SUFFICIENT_SOC_RANGE
DE000627,T0079,2026-09-01T13:57:34.173467526+07:00,False,NONE,SUFFICIENT_SOC_RANGE
DE000628,T0079,2026-09-01T13:58:24.970010135+07:00,False,NONE,SUFFICIENT_SOC_RANGE
DE000629,T0079,2026-09-01T13:59:15.520889796+07:00,False,NONE,SUFFICIENT_SOC_RANGE
DE000630,T0079,2026-09-01T14:00:54.981169999+07:00,False,NONE,SUFFICIENT_SOC_RANGE
DE000631,T0079,2026-09-01T14:03:42.323004666+07:00,False,NONE,SUFFICIENT_SOC_RANGE
DE000632,T0079,2026-09-01T14:06:18.965454499+07:00,False,NONE,SUFFICIENT_SOC_RANGE
DE000633,T0080,2026-09-01T14:01:24.049199999+07:00,True,CHARGING,LOW_SOC
DE000634,T0080,2026-09-01T14:03:24.834300+07:00,True,CHARGING,LOW_SOC
DE000635,T0080,2026-09-01T14:05:25.345600+07:00,True,CHARGING,LOW_SOC
DE000636,T0080,2026-09-01T14:07:12.893000+07:00,True,CHARGING,LOW_SOC
DE000637,T0080,2026-09-01T14:09:02.211200+07:00,True,CHARGING,LOW_SOC
DE000638,T0080,2026-09-01T14:11:04.674800+07:00,True,CHARGING,LOW_SOC
DE000639,T0080,2026-09-01T14:12:55.237200+07:00,True,CHARGING,LOW_SOC
DE000640,T0080,2026-09-01T14:14:49.822399999+07:00,True,CHARGING,LOW_SOC
DE000641,T0081,2026-09-01T14:07:38.595759999+07:00,True,BATTERY_SWAP,LOW_SOC
DE000642,T0081,2026-09-01T14:10:16.524543999+07:00,True,BATTERY_SWAP,LOW_SOC
DE000643,T0081,2026-09-01T14:12:37.411792+07:00,True,BATTERY_SWAP,LOW_SOC
DE000644,T0081,2026-09-01T14:15:06.491540+07:00,True,BATTERY_SWAP,LOW_SOC
DE000645,T0081,2026-09-01T14:17:07.164098285+07:00,True,BATTERY_SWAP,LOW_SOC
DE000646,T0081,2026-09-01T14:18:31.262021662+07:00,True,BATTERY_SWAP,LOW_SOC
DE000647,T0081,2026-09-01T14:19:43.999226857+07:00,True,BATTERY_SWAP,LOW_SOC
DE000648,T0081,2026-09-01T14:21:42.803526857+07:00,True,BATTERY_SWAP,LOW_SOC
DE000649,T0082,2026-09-01T14:13:20.415640+07:00,True,CHARGING,LOW_SOC
DE000650,T0082,2026-09-01T14:15:24.361319999+07:00,True,CHARGING,LOW_SOC
DE000651,T0082,2026-09-01T14:17:21.913415999+07:00,True,CHARGING,LOW_SOC
DE000652,T0082,2026-09-01T14:19:25.520632+07:00,True,CHARGING,LOW_SOC
DE000653,T0082,2026-09-01T14:21:20.540020+07:00,True,CHARGING,LOW_SOC
DE000654,T0082,2026-09-01T14:23:13.029168+07:00,True,CHARGING,LOW_SOC
DE000655,T0082,2026-09-01T14:25:19.874528+07:00,True,CHARGING,LOW_SOC
DE000656,T0082,2026-09-01T14:27:27.491904+07:00,True,CHARGING,LOW_SOC
DE000657,T0083,2026-09-01T14:18:33.028703999+07:00,True,CHARGING,LOW_SOC
DE000658,T0083,2026-09-01T14:19:20.341488+07:00,True,CHARGING,LOW_SOC
DE000659,T0083,2026-09-01T14:20:00.727440+07:00,True,CHARGING,LOW_SOC
DE000660,T0083,2026-09-01T14:20:48.310224+07:00,True,CHARGING,LOW_SOC
DE000661,T0083,2026-09-01T14:21:35.224128+07:00,True,CHARGING,LOW_SOC
DE000662,T0083,2026-09-01T14:22:27.757920+07:00,True,CHARGING,LOW_SOC
DE000663,T0083,2026-09-01T14:23:13.399008+07:00,True,CHARGING,LOW_SOC
DE000664,T0083,2026-09-01T14:23:56.541321600+07:00,True,CHARGING,LOW_SOC
DE000665,T0084,2026-09-01T14:25:18.708108571+07:00,True,BATTERY_SWAP,LOW_SOC
DE000666,T0084,2026-09-01T14:26:28.896588571+07:00,True,BATTERY_SWAP,LOW_SOC
DE000667,T0084,2026-09-01T14:27:58.852383928+07:00,True,BATTERY_SWAP,LOW_SOC
DE000668,T0084,2026-09-01T14:29:14.435952714+07:00,True,BATTERY_SWAP,LOW_SOC
DE000669,T0084,2026-09-01T14:30:54.201284142+07:00,True,BATTERY_SWAP,LOW_SOC
DE000670,T0084,2026-09-01T14:32:36.074031285+07:00,True,BATTERY_SWAP,LOW_SOC
DE000671,T0084,2026-09-01T14:34:43.689901285+07:00,True,BATTERY_SWAP,LOW_SOC
DE000672,T0084,2026-09-01T14:36:49.034816714+07:00,True,BATTERY_SWAP,LOW_SOC
DE000673,T0085,2026-09-01T14:30:34.669686857+07:00,False,NONE,SUFFICIENT_SOC_RANGE
DE000674,T0085,2026-09-01T14:31:22.811039999+07:00,False,NONE,SUFFICIENT_SOC_RANGE
DE000675,T0085,2026-09-01T14:32:13.304220+07:00,False,NONE,SUFFICIENT_SOC_RANGE
DE000676,T0085,2026-09-01T14:33:02.674128+07:00,False,NONE,SUFFICIENT_SOC_RANGE
DE000677,T0085,2026-09-01T14:33:46.326931200+07:00,False,NONE,SUFFICIENT_SOC_RANGE
DE000678,T0085,2026-09-01T14:34:31.396065600+07:00,False,NONE,SUFFICIENT_SOC_RANGE
DE000679,T0085,2026-09-01T14:35:16.836658285+07:00,False,NONE,SUFFICIENT_SOC_RANGE
DE000680,T0085,2026-09-01T14:36:11.944367999+07:00,False,NONE,SUFFICIENT_SOC_RANGE
DE000681,T0086,2026-09-01T14:37:40.433564735+07:00,False,NONE,SUFFICIENT_SOC_RANGE
DE000682,T0086,2026-09-01T14:39:51.123913142+07:00,False,NONE,SUFFICIENT_SOC_RANGE
DE000683,T0086,2026-09-01T14:42:25.541249942+07:00,False,NONE,SUFFICIENT_SOC_RANGE
DE000684,T0086,2026-09-01T14:44:53.180437142+07:00,False,NONE,SUFFICIENT_SOC_RANGE
DE000685,T0086,2026-09-01T14:47:07.214663428+07:00,False,NONE,SUFFICIENT_SOC_RANGE
DE000686,T0086,2026-09-01T14:49:55.459872428+07:00,False,NONE,SUFFICIENT_SOC_RANGE
DE000687,T0086,2026-09-01T14:52:39.946672428+07:00,False,NONE,SUFFICIENT_SOC_RANGE
DE000688,T0086,2026-09-01T14:55:09.911096428+07:00,False,NONE,SUFFICIENT_SOC_RANGE
DE000689,T0087,2026-09-01T14:43:19.904952+07:00,True,BATTERY_SWAP,LOW_SOC
DE000690,T0087,2026-09-01T14:44:53.918591999+07:00,True,BATTERY_SWAP,LOW_SOC
DE000691,T0087,2026-09-01T14:46:44.558688+07:00,True,BATTERY_SWAP,LOW_SOC
DE000692,T0087,2026-09-01T14:48:46.466976+07:00,True,BATTERY_SWAP,LOW_SOC
DE000693,T0087,2026-09-01T14:50:40.378272+07:00,True,BATTERY_SWAP,LOW_SOC
DE000694,T0087,2026-09-01T14:53:00.456172800+07:00,True,BATTERY_SWAP,LOW_SOC
DE000695,T0087,2026-09-01T14:55:08.716656+07:00,True,BATTERY_SWAP,LOW_SOC
DE000696,T0087,2026-09-01T14:57:01.847160+07:00,True,BATTERY_SWAP,LOW_SOC
DE000697,T0088,2026-09-01T14:49:06.690838285+07:00,True,CHARGING,LOW_SOC
DE000698,T0088,2026-09-01T14:51:05.685023185+07:00,True,CHARGING,LOW_SOC
DE000699,T0088,2026-09-01T14:53:03.825288651+07:00,True,CHARGING,LOW_SOC
DE000700,T0088,2026-09-01T14:54:39.970078785+07:00,True,CHARGING,LOW_SOC
DE000701,T0088,2026-09-01T14:56:15.723028785+07:00,True,CHARGING,LOW_SOC
DE000702,T0088,2026-09-01T14:57:54.107264214+07:00,True,CHARGING,LOW_SOC
DE000703,T0088,2026-09-01T14:59:39.148137500+07:00,True,CHARGING,LOW_SOC
DE000704,T0088,2026-09-01T15:01:27.918366499+07:00,True,CHARGING,LOW_SOC
DE000705,T0089,2026-09-01T14:55:23.440788928+07:00,True,BATTERY_SWAP,LOW_SOC
DE000706,T0089,2026-09-01T14:57:10.897201128+07:00,True,BATTERY_SWAP,LOW_SOC
DE000707,T0089,2026-09-01T14:59:26.867559928+07:00,True,BATTERY_SWAP,LOW_SOC
DE000708,T0089,2026-09-01T15:01:15.309260499+07:00,True,BATTERY_SWAP,LOW_SOC
DE000709,T0089,2026-09-01T15:02:32.448260499+07:00,True,BATTERY_SWAP,LOW_SOC
DE000710,T0089,2026-09-01T15:03:50.180029642+07:00,True,BATTERY_SWAP,LOW_SOC
DE000711,T0089,2026-09-01T15:05:39.679438228+07:00,True,BATTERY_SWAP,LOW_SOC
DE000712,T0089,2026-09-01T15:07:47.097859428+07:00,True,BATTERY_SWAP,LOW_SOC
DE000713,T0090,2026-09-01T15:00:58.173911999+07:00,True,BATTERY_SWAP,LOW_SOC
DE000714,T0090,2026-09-01T15:02:11.829786+07:00,True,BATTERY_SWAP,LOW_SOC
DE000715,T0090,2026-09-01T15:03:32.298444+07:00,True,BATTERY_SWAP,LOW_SOC
DE000716,T0090,2026-09-01T15:04:53.766155999+07:00,True,BATTERY_SWAP,LOW_SOC
DE000717,T0090,2026-09-01T15:06:17.133832800+07:00,True,BATTERY_SWAP,LOW_SOC
DE000718,T0090,2026-09-01T15:07:38.996981142+07:00,True,BATTERY_SWAP,LOW_SOC
DE000719,T0090,2026-09-01T15:09:00.964476+07:00,True,BATTERY_SWAP,LOW_SOC
DE000720,T0090,2026-09-01T15:10:28.052610857+07:00,True,BATTERY_SWAP,LOW_SOC
DE000721,T0091,2026-09-01T15:06:28.651859357+07:00,True,CHARGING,LOW_SOC
DE000722,T0091,2026-09-01T15:07:05.593736908+07:00,True,CHARGING,LOW_SOC
DE000723,T0091,2026-09-01T15:07:42.459367928+07:00,True,CHARGING,LOW_SOC
DE000724,T0091,2026-09-01T15:08:31.347375928+07:00,True,CHARGING,LOW_SOC
DE000725,T0091,2026-09-01T15:09:26.420775928+07:00,True,CHARGING,LOW_SOC
DE000726,T0091,2026-09-01T15:10:23.530495928+07:00,True,CHARGING,LOW_SOC
DE000727,T0091,2026-09-01T15:11:40.683204500+07:00,True,CHARGING,LOW_SOC
DE000728,T0091,2026-09-01T15:12:36.437758785+07:00,True,CHARGING,LOW_SOC
DE000729,T0092,2026-09-01T15:13:02.358407999+07:00,True,CHARGING,LOW_SOC
DE000730,T0092,2026-09-01T15:14:31.498511999+07:00,True,CHARGING,LOW_SOC
DE000731,T0092,2026-09-01T15:16:52.564960+07:00,True,CHARGING,LOW_SOC
DE000732,T0092,2026-09-01T15:19:02.669208+07:00,True,CHARGING,LOW_SOC
DE000733,T0092,2026-09-01T15:21:24.989398399+07:00,True,CHARGING,LOW_SOC
DE000734,T0092,2026-09-01T15:23:07.971319999+07:00,True,CHARGING,LOW_SOC
DE000735,T0092,2026-09-01T15:25:54.324167999+07:00,True,CHARGING,LOW_SOC
DE000736,T0092,2026-09-01T15:27:55.195482285+07:00,True,CHARGING,LOW_SOC
DE000737,T0093,2026-09-01T15:19:05.581228999+07:00,True,BATTERY_SWAP,LOW_SOC
DE000738,T0093,2026-09-01T15:21:32.907116499+07:00,True,BATTERY_SWAP,LOW_SOC
DE000739,T0093,2026-09-01T15:23:18.587980500+07:00,True,BATTERY_SWAP,LOW_SOC
DE000740,T0093,2026-09-01T15:25:35.702938+07:00,True,BATTERY_SWAP,LOW_SOC
DE000741,T0093,2026-09-01T15:27:23.493250499+07:00,True,BATTERY_SWAP,LOW_SOC
DE000742,T0093,2026-09-01T15:29:03.814369499+07:00,True,BATTERY_SWAP,LOW_SOC
DE000743,T0093,2026-09-01T15:30:46.988929499+07:00,True,BATTERY_SWAP,LOW_SOC
DE000744,T0093,2026-09-01T15:32:22.308671999+07:00,True,BATTERY_SWAP,LOW_SOC
DE000745,T0094,2026-09-01T15:25:16.484160+07:00,True,CHARGING,LOW_SOC
DE000746,T0094,2026-09-01T15:28:02.246145714+07:00,True,CHARGING,LOW_SOC
DE000747,T0094,2026-09-01T15:30:35.957311999+07:00,True,CHARGING,LOW_SOC
DE000748,T0094,2026-09-01T15:33:23.218255999+07:00,True,CHARGING,LOW_SOC
DE000749,T0094,2026-09-01T15:36:08.517631999+07:00,True,CHARGING,LOW_SOC
DE000750,T0094,2026-09-01T15:38:28.341959999+07:00,True,CHARGING,LOW_SOC
DE000751,T0094,2026-09-01T15:41:07.215941333+07:00,True,CHARGING,LOW_SOC
DE000752,T0094,2026-09-01T15:43:39.396935999+07:00,True,CHARGING,LOW_SOC
DE000753,T0095,2026-09-01T15:30:45.080616+07:00,True,CHARGING,LOW_SOC
DE000754,T0095,2026-09-01T15:31:40.108221999+07:00,True,CHARGING,LOW_SOC
DE000755,T0095,2026-09-01T15:32:34.204468+07:00,True,CHARGING,LOW_SOC
DE000756,T0095,2026-09-01T15:33:27.039616+07:00,True,CHARGING,LOW_SOC
DE000757,T0095,2026-09-01T15:34:31.722186+07:00,True,CHARGING,LOW_SOC
DE000758,T0095,2026-09-01T15:35:37.859472+07:00,True,CHARGING,LOW_SOC
DE000759,T0095,2026-09-01T15:36:30.837032+07:00,True,CHARGING,LOW_SOC
DE000760,T0095,2026-09-01T15:37:32.377784+07:00,True,CHARGING,LOW_SOC
DE000761,T0096,2026-09-01T15:36:48.976066596+07:00,True,BATTERY_SWAP,LOW_SOC_AND_INSUFFICIENT_RANGE
DE000762,T0096,2026-09-01T15:38:23.622794499+07:00,True,BATTERY_SWAP,LOW_SOC_AND_INSUFFICIENT_RANGE
DE000763,T0096,2026-09-01T15:39:59.209022370+07:00,True,BATTERY_SWAP,LOW_SOC_AND_INSUFFICIENT_RANGE
DE000764,T0096,2026-09-01T15:41:18.450551999+07:00,True,BATTERY_SWAP,LOW_SOC_AND_INSUFFICIENT_RANGE
DE000765,T0096,2026-09-01T15:42:45.656087999+07:00,True,BATTERY_SWAP,LOW_SOC_AND_INSUFFICIENT_RANGE
DE000766,T0096,2026-09-01T15:43:58.172748532+07:00,True,BATTERY_SWAP,LOW_SOC_AND_INSUFFICIENT_RANGE
DE000767,T0096,2026-09-01T15:45:44.504986999+07:00,True,BATTERY_SWAP,LOW_SOC_AND_INSUFFICIENT_RANGE
DE000768,T0096,2026-09-01T15:47:47.608147483+07:00,True,BATTERY_SWAP,LOW_SOC_AND_INSUFFICIENT_RANGE
DE000769,T0097,2026-09-01T15:42:38.060928+07:00,False,NONE,SUFFICIENT_SOC_RANGE
DE000770,T0097,2026-09-01T15:43:41.845398857+07:00,False,NONE,SUFFICIENT_SOC_RANGE
DE000771,T0097,2026-09-01T15:44:46.350102857+07:00,False,NONE,SUFFICIENT_SOC_RANGE
DE000772,T0097,2026-09-01T15:45:48.515862857+07:00,False,NONE,SUFFICIENT_SOC_RANGE
DE000773,T0097,2026-09-01T15:46:39.924294857+07:00,False,NONE,SUFFICIENT_SOC_RANGE
DE000774,T0097,2026-09-01T15:47:35.332902857+07:00,False,NONE,SUFFICIENT_SOC_RANGE
DE000775,T0097,2026-09-01T15:48:40.066086857+07:00,False,NONE,SUFFICIENT_SOC_RANGE
DE000776,T0097,2026-09-01T15:49:46.831542857+07:00,False,NONE,SUFFICIENT_SOC_RANGE
DE000777,T0098,2026-09-01T15:49:05.564472+07:00,False,NONE,SUFFICIENT_SOC_RANGE
DE000778,T0098,2026-09-01T15:50:12.605255999+07:00,False,NONE,SUFFICIENT_SOC_RANGE
DE000779,T0098,2026-09-01T15:51:17.887080+07:00,False,NONE,SUFFICIENT_SOC_RANGE
DE000780,T0098,2026-09-01T15:52:37.857413538+07:00,False,NONE,SUFFICIENT_SOC_RANGE
DE000781,T0098,2026-09-01T15:53:53.688899076+07:00,False,NONE,SUFFICIENT_SOC_RANGE
DE000782,T0098,2026-09-01T15:55:18.969937999+07:00,False,NONE,SUFFICIENT_SOC_RANGE
DE000783,T0098,2026-09-01T15:56:29.872639999+07:00,False,NONE,SUFFICIENT_SOC_RANGE
DE000784,T0098,2026-09-01T15:57:41.704879999+07:00,False,NONE,SUFFICIENT_SOC_RANGE
DE000785,T0099,2026-09-01T15:55:04.116167999+07:00,False,NONE,SUFFICIENT_SOC_RANGE
DE000786,T0099,2026-09-01T15:57:20.536705499+07:00,False,NONE,SUFFICIENT_SOC_RANGE
DE000787,T0099,2026-09-01T15:59:07.516345500+07:00,False,NONE,SUFFICIENT_SOC_RANGE
DE000788,T0099,2026-09-01T16:01:49.708545500+07:00,False,NONE,SUFFICIENT_SOC_RANGE
DE000789,T0099,2026-09-01T16:04:07.083977499+07:00,False,NONE,SUFFICIENT_SOC_RANGE
DE000790,T0099,2026-09-01T16:06:55.713737500+07:00,False,NONE,SUFFICIENT_SOC_RANGE
DE000791,T0099,2026-09-01T16:09:42.326708499+07:00,False,NONE,SUFFICIENT_SOC_RANGE
DE000792,T0099,2026-09-01T16:11:58.532044500+07:00,False,NONE,SUFFICIENT_SOC_RANGE
DE000793,T0100,2026-09-01T16:01:37.996799999+07:00,False,NONE,SUFFICIENT_SOC_RANGE
DE000794,T0100,2026-09-01T16:03:48.911200+07:00,False,NONE,SUFFICIENT_SOC_RANGE
DE000795,T0100,2026-09-01T16:06:10.550600+07:00,False,NONE,SUFFICIENT_SOC_RANGE
DE000796,T0100,2026-09-01T16:09:07.075328+07:00,False,NONE,SUFFICIENT_SOC_RANGE
DE000797,T0100,2026-09-01T16:11:45.363130285+07:00,False,NONE,SUFFICIENT_SOC_RANGE
DE000798,T0100,2026-09-01T16:13:43.450210285+07:00,False,NONE,SUFFICIENT_SOC_RANGE
DE000799,T0100,2026-09-01T16:16:15.222562285+07:00,False,NONE,SUFFICIENT_SOC_RANGE
DE000800,T0100,2026-09-01T16:18:39.530513142+07:00,False,NONE,SUFFICIENT_SOC_RANGE
DE000801,T0101,2026-09-01T16:07:37.636992+07:00,True,CHARGING,LOW_SOC
DE000802,T0101,2026-09-01T16:09:53.254367999+07:00,True,CHARGING,LOW_SOC
DE000803,T0101,2026-09-01T16:11:55.759368750+07:00,True,CHARGING,LOW_SOC
DE000804,T0101,2026-09-01T16:14:00.515854500+07:00,True,CHARGING,LOW_SOC
DE000805,T0101,2026-09-01T16:15:47.997022500+07:00,True,CHARGING,LOW_SOC
DE000806,T0101,2026-09-01T16:18:00.195687+07:00,True,CHARGING,LOW_SOC
DE000807,T0101,2026-09-01T16:19:46.968991500+07:00,True,CHARGING,LOW_SOC
DE000808,T0101,2026-09-01T16:21:41.342143500+07:00,True,CHARGING,LOW_SOC
DE000809,T0102,2026-09-01T16:13:24.989567999+07:00,True,BATTERY_SWAP,LOW_SOC
DE000810,T0102,2026-09-01T16:15:29.004367999+07:00,True,BATTERY_SWAP,LOW_SOC
DE000811,T0102,2026-09-01T16:17:37.578368+07:00,True,BATTERY_SWAP,LOW_SOC
DE000812,T0102,2026-09-01T16:18:57.490979+07:00,True,BATTERY_SWAP,LOW_SOC
DE000813,T0102,2026-09-01T16:20:30.953656333+07:00,True,BATTERY_SWAP,LOW_SOC
DE000814,T0102,2026-09-01T16:22:10.029139+07:00,True,BATTERY_SWAP,LOW_SOC
DE000815,T0102,2026-09-01T16:23:54.330715+07:00,True,BATTERY_SWAP,LOW_SOC
DE000816,T0102,2026-09-01T16:25:04.048684714+07:00,True,BATTERY_SWAP,LOW_SOC
DE000817,T0103,2026-09-01T16:19:32.742426181+07:00,True,CHARGING,LOW_SOC
DE000818,T0103,2026-09-01T16:20:44.761253714+07:00,True,CHARGING,LOW_SOC
DE000819,T0103,2026-09-01T16:22:48.453685714+07:00,True,CHARGING,LOW_SOC
DE000820,T0103,2026-09-01T16:24:39.977045714+07:00,True,CHARGING,LOW_SOC
DE000821,T0103,2026-09-01T16:26:19.564017142+07:00,True,CHARGING,LOW_SOC
DE000822,T0103,2026-09-01T16:27:39.897740342+07:00,True,CHARGING,LOW_SOC
DE000823,T0103,2026-09-01T16:29:40.830469506+07:00,True,CHARGING,LOW_SOC
DE000824,T0103,2026-09-01T16:31:17.110305142+07:00,True,CHARGING,LOW_SOC
DE000825,T0104,2026-09-01T16:25:31.738551999+07:00,True,CHARGING,LOW_SOC
DE000826,T0104,2026-09-01T16:27:53.082474+07:00,True,CHARGING,LOW_SOC
DE000827,T0104,2026-09-01T16:30:27.575947999+07:00,True,CHARGING,LOW_SOC
DE000828,T0104,2026-09-01T16:32:54.516486071+07:00,True,CHARGING,LOW_SOC
DE000829,T0104,2026-09-01T16:35:16.429209071+07:00,True,CHARGING,LOW_SOC
DE000830,T0104,2026-09-01T16:36:56.665767928+07:00,True,CHARGING,LOW_SOC
DE000831,T0104,2026-09-01T16:39:23.035819142+07:00,True,CHARGING,LOW_SOC
DE000832,T0104,2026-09-01T16:41:33.894419785+07:00,True,CHARGING,LOW_SOC
DE000833,T0105,2026-09-01T16:31:12.957400+07:00,True,BATTERY_SWAP,LOW_SOC
DE000834,T0105,2026-09-01T16:32:36.200990857+07:00,True,BATTERY_SWAP,LOW_SOC
DE000835,T0105,2026-09-01T16:34:33.021310857+07:00,True,BATTERY_SWAP,LOW_SOC
DE000836,T0105,2026-09-01T16:36:30.617413714+07:00,True,BATTERY_SWAP,LOW_SOC
DE000837,T0105,2026-09-01T16:38:10.960830857+07:00,True,BATTERY_SWAP,LOW_SOC
DE000838,T0105,2026-09-01T16:39:57.848877714+07:00,True,BATTERY_SWAP,LOW_SOC
DE000839,T0105,2026-09-01T16:41:46.177116571+07:00,True,BATTERY_SWAP,LOW_SOC
DE000840,T0105,2026-09-01T16:43:43.046684571+07:00,True,BATTERY_SWAP,LOW_SOC
DE000841,T0106,2026-09-01T16:36:34.613064+07:00,False,NONE,SUFFICIENT_SOC_RANGE
DE000842,T0106,2026-09-01T16:37:28.418056500+07:00,False,NONE,SUFFICIENT_SOC_RANGE
DE000843,T0106,2026-09-01T16:38:12.260465938+07:00,False,NONE,SUFFICIENT_SOC_RANGE
DE000844,T0106,2026-09-01T16:39:07.286113285+07:00,False,NONE,SUFFICIENT_SOC_RANGE
DE000845,T0106,2026-09-01T16:40:01.341224142+07:00,False,NONE,SUFFICIENT_SOC_RANGE
DE000846,T0106,2026-09-01T16:40:55.134717857+07:00,False,NONE,SUFFICIENT_SOC_RANGE
DE000847,T0106,2026-09-01T16:41:50.010258428+07:00,False,NONE,SUFFICIENT_SOC_RANGE
DE000848,T0106,2026-09-01T16:42:47.330805857+07:00,False,NONE,SUFFICIENT_SOC_RANGE
DE000849,T0107,2026-09-01T16:43:20.253199999+07:00,False,NONE,SUFFICIENT_SOC_RANGE
DE000850,T0107,2026-09-01T16:45:25.250733333+07:00,False,NONE,SUFFICIENT_SOC_RANGE
DE000851,T0107,2026-09-01T16:47:54.829151999+07:00,False,NONE,SUFFICIENT_SOC_RANGE
DE000852,T0107,2026-09-01T16:50:11.016565333+07:00,False,NONE,SUFFICIENT_SOC_RANGE
DE000853,T0107,2026-09-01T16:53:00.023239999+07:00,False,NONE,SUFFICIENT_SOC_RANGE
DE000854,T0107,2026-09-01T16:55:21.150239999+07:00,False,NONE,SUFFICIENT_SOC_RANGE
DE000855,T0107,2026-09-01T16:57:36.360691428+07:00,False,NONE,SUFFICIENT_SOC_RANGE
DE000856,T0107,2026-09-01T16:59:14.945291428+07:00,False,NONE,SUFFICIENT_SOC_RANGE
DE000857,T0108,2026-09-01T16:48:39.146933333+07:00,True,BATTERY_SWAP,LOW_SOC
DE000858,T0108,2026-09-01T16:49:45.300442857+07:00,True,BATTERY_SWAP,LOW_SOC
DE000859,T0108,2026-09-01T16:50:51.268757142+07:00,True,BATTERY_SWAP,LOW_SOC
DE000860,T0108,2026-09-01T16:51:57.422266666+07:00,True,BATTERY_SWAP,LOW_SOC
DE000861,T0108,2026-09-01T16:53:00.416400+07:00,True,BATTERY_SWAP,LOW_SOC
DE000862,T0108,2026-09-01T16:54:06.192200+07:00,True,BATTERY_SWAP,LOW_SOC
DE000863,T0108,2026-09-01T16:55:00.605900+07:00,True,BATTERY_SWAP,LOW_SOC
DE000864,T0108,2026-09-01T16:56:06.364028571+07:00,True,BATTERY_SWAP,LOW_SOC
DE000865,T0109,2026-09-01T16:55:42.980119500+07:00,True,CHARGING,LOW_SOC
DE000866,T0109,2026-09-01T16:57:52.710010499+07:00,True,CHARGING,LOW_SOC
DE000867,T0109,2026-09-01T17:00:06.163168500+07:00,True,CHARGING,LOW_SOC
DE000868,T0109,2026-09-01T17:02:29.782477500+07:00,True,CHARGING,LOW_SOC
DE000869,T0109,2026-09-01T17:04:39.485596038+07:00,True,CHARGING,LOW_SOC
DE000870,T0109,2026-09-01T17:06:52.536293357+07:00,True,CHARGING,LOW_SOC
DE000871,T0109,2026-09-01T17:09:50.377429357+07:00,True,CHARGING,LOW_SOC
DE000872,T0109,2026-09-01T17:12:45.329628917+07:00,True,CHARGING,LOW_SOC
DE000873,T0110,2026-09-01T17:02:00.940899999+07:00,True,BATTERY_SWAP,LOW_SOC
DE000874,T0110,2026-09-01T17:04:44.944340571+07:00,True,BATTERY_SWAP,LOW_SOC
DE000875,T0110,2026-09-01T17:07:33.321214476+07:00,True,BATTERY_SWAP,LOW_SOC
DE000876,T0110,2026-09-01T17:10:34.256114476+07:00,True,BATTERY_SWAP,LOW_SOC
DE000877,T0110,2026-09-01T17:13:22.129052571+07:00,True,BATTERY_SWAP,LOW_SOC
DE000878,T0110,2026-09-01T17:15:23.602490666+07:00,True,BATTERY_SWAP,LOW_SOC
DE000879,T0110,2026-09-01T17:17:48.600569142+07:00,True,BATTERY_SWAP,LOW_SOC
DE000880,T0110,2026-09-01T17:19:47.260338904+07:00,True,BATTERY_SWAP,LOW_SOC
DE000881,T0111,2026-09-01T17:07:25.963212499+07:00,True,BATTERY_SWAP,LOW_SOC
DE000882,T0111,2026-09-01T17:09:26.453700874+07:00,True,BATTERY_SWAP,LOW_SOC
DE000883,T0111,2026-09-01T17:11:27.662966499+07:00,True,BATTERY_SWAP,LOW_SOC
DE000884,T0111,2026-09-01T17:13:47.538716499+07:00,True,BATTERY_SWAP,LOW_SOC
DE000885,T0111,2026-09-01T17:16:25.766679+07:00,True,BATTERY_SWAP,LOW_SOC
DE000886,T0111,2026-09-01T17:18:38.337745714+07:00,True,BATTERY_SWAP,LOW_SOC
DE000887,T0111,2026-09-01T17:20:57.519421999+07:00,True,BATTERY_SWAP,LOW_SOC
DE000888,T0111,2026-09-01T17:22:53.645597428+07:00,True,BATTERY_SWAP,LOW_SOC
DE000889,T0112,2026-09-01T17:14:39.336500+07:00,True,CHARGING,LOW_SOC
DE000890,T0112,2026-09-01T17:17:45.625393142+07:00,True,CHARGING,LOW_SOC
DE000891,T0112,2026-09-01T17:19:52.851175999+07:00,True,CHARGING,LOW_SOC
DE000892,T0112,2026-09-01T17:22:44.553714666+07:00,True,CHARGING,LOW_SOC
DE000893,T0112,2026-09-01T17:25:55.886079999+07:00,True,CHARGING,LOW_SOC
DE000894,T0112,2026-09-01T17:28:32.757423999+07:00,True,CHARGING,LOW_SOC
DE000895,T0112,2026-09-01T17:31:29.479370666+07:00,True,CHARGING,LOW_SOC
DE000896,T0112,2026-09-01T17:34:11.670221714+07:00,True,CHARGING,LOW_SOC
DE000897,T0113,2026-09-01T17:18:39.087216+07:00,True,CHARGING,LOW_SOC
DE000898,T0113,2026-09-01T17:20:03.937520+07:00,True,CHARGING,LOW_SOC
DE000899,T0113,2026-09-01T17:21:21.771012857+07:00,True,CHARGING,LOW_SOC
DE000900,T0113,2026-09-01T17:22:22.781184+07:00,True,CHARGING,LOW_SOC
DE000901,T0113,2026-09-01T17:23:37.525728+07:00,True,CHARGING,LOW_SOC
DE000902,T0113,2026-09-01T17:24:50.106636+07:00,True,CHARGING,LOW_SOC
DE000903,T0113,2026-09-01T17:25:57.399129517+07:00,True,CHARGING,LOW_SOC
DE000904,T0113,2026-09-01T17:27:15.524805600+07:00,True,CHARGING,LOW_SOC
DE000905,T0114,2026-09-01T17:25:08.048000+07:00,True,BATTERY_SWAP,LOW_SOC
DE000906,T0114,2026-09-01T17:26:51.465799999+07:00,True,BATTERY_SWAP,LOW_SOC
DE000907,T0114,2026-09-01T17:28:32.191999999+07:00,True,BATTERY_SWAP,LOW_SOC
DE000908,T0114,2026-09-01T17:30:15.609799999+07:00,True,BATTERY_SWAP,LOW_SOC
DE000909,T0114,2026-09-01T17:31:53.434199999+07:00,True,BATTERY_SWAP,LOW_SOC
DE000910,T0114,2026-09-01T17:33:38.815799999+07:00,True,BATTERY_SWAP,LOW_SOC
DE000911,T0114,2026-09-01T17:35:17.578199999+07:00,True,BATTERY_SWAP,LOW_SOC
DE000912,T0114,2026-09-01T17:37:02.959799999+07:00,True,BATTERY_SWAP,LOW_SOC
DE000913,T0115,2026-09-01T17:31:22.925800+07:00,True,CHARGING,LOW_SOC
DE000914,T0115,2026-09-01T17:33:05.383800+07:00,True,CHARGING,LOW_SOC
DE000915,T0115,2026-09-01T17:34:50.545400+07:00,True,CHARGING,LOW_SOC
DE000916,T0115,2026-09-01T17:36:38.570000+07:00,True,CHARGING,LOW_SOC
DE000917,T0115,2026-09-01T17:38:13.458937999+07:00,True,CHARGING,LOW_SOC
DE000918,T0115,2026-09-01T17:39:48.094075999+07:00,True,CHARGING,LOW_SOC
DE000919,T0115,2026-09-01T17:41:23.925475999+07:00,True,CHARGING,LOW_SOC
DE000920,T0115,2026-09-01T17:42:51.607971999+07:00,True,CHARGING,LOW_SOC
DE000921,T0116,2026-09-01T17:37:02.810064+07:00,True,CHARGING,LOW_SOC
DE000922,T0116,2026-09-01T17:38:25.895904+07:00,True,CHARGING,LOW_SOC
DE000923,T0116,2026-09-01T17:39:28.699343999+07:00,True,CHARGING,LOW_SOC
DE000924,T0116,2026-09-01T17:40:48.101087999+07:00,True,CHARGING,LOW_SOC
DE000925,T0116,2026-09-01T17:42:20.247775999+07:00,True,CHARGING,LOW_SOC
DE000926,T0116,2026-09-01T17:43:47.693103999+07:00,True,CHARGING,LOW_SOC
DE000927,T0116,2026-09-01T17:45:12.665087999+07:00,True,CHARGING,LOW_SOC
DE000928,T0116,2026-09-01T17:46:30.417513600+07:00,True,CHARGING,LOW_SOC
DE000929,T0117,2026-09-01T17:42:49.928688+07:00,True,BATTERY_SWAP,LOW_SOC_AND_INSUFFICIENT_RANGE
DE000930,T0117,2026-09-01T17:44:03.615791999+07:00,True,BATTERY_SWAP,LOW_SOC_AND_INSUFFICIENT_RANGE
DE000931,T0117,2026-09-01T17:45:16.611228+07:00,True,BATTERY_SWAP,LOW_SOC_AND_INSUFFICIENT_RANGE
DE000932,T0117,2026-09-01T17:46:46.356887999+07:00,True,BATTERY_SWAP,LOW_SOC_AND_INSUFFICIENT_RANGE
DE000933,T0117,2026-09-01T17:48:06.070427999+07:00,True,BATTERY_SWAP,LOW_SOC_AND_INSUFFICIENT_RANGE
DE000934,T0117,2026-09-01T17:49:36.422392799+07:00,True,BATTERY_SWAP,LOW_SOC_AND_INSUFFICIENT_RANGE
DE000935,T0117,2026-09-01T17:51:01.657534909+07:00,True,BATTERY_SWAP,LOW_SOC_AND_INSUFFICIENT_RANGE
DE000936,T0117,2026-09-01T17:52:18.793460999+07:00,True,BATTERY_SWAP,LOW_SOC_AND_INSUFFICIENT_RANGE
DE000937,T0118,2026-09-01T17:49:04.275799999+07:00,False,NONE,SUFFICIENT_SOC_RANGE
DE000938,T0118,2026-09-01T17:51:11.672560+07:00,False,NONE,SUFFICIENT_SOC_RANGE
DE000939,T0118,2026-09-01T17:53:05.699100+07:00,False,NONE,SUFFICIENT_SOC_RANGE
DE000940,T0118,2026-09-01T17:54:46.620199999+07:00,False,NONE,SUFFICIENT_SOC_RANGE
DE000941,T0118,2026-09-01T17:56:56.968399999+07:00,False,NONE,SUFFICIENT_SOC_RANGE
DE000942,T0118,2026-09-01T17:58:57.980199999+07:00,False,NONE,SUFFICIENT_SOC_RANGE
DE000943,T0118,2026-09-01T18:01:08.009599999+07:00,False,NONE,SUFFICIENT_SOC_RANGE
DE000944,T0118,2026-09-01T18:03:22.654999999+07:00,False,NONE,SUFFICIENT_SOC_RANGE
DE000945,T0119,2026-09-01T17:54:39.307968+07:00,False,NONE,SUFFICIENT_SOC_RANGE
DE000946,T0119,2026-09-01T17:55:24.947056285+07:00,False,NONE,SUFFICIENT_SOC_RANGE
DE000947,T0119,2026-09-01T17:56:02.885172+07:00,False,NONE,SUFFICIENT_SOC_RANGE
DE000948,T0119,2026-09-01T17:56:41.325387+07:00,False,NONE,SUFFICIENT_SOC_RANGE
DE000949,T0119,2026-09-01T17:57:17.549300571+07:00,False,NONE,SUFFICIENT_SOC_RANGE
DE000950,T0119,2026-09-01T17:58:09.781698+07:00,False,NONE,SUFFICIENT_SOC_RANGE
DE000951,T0119,2026-09-01T17:59:11.917032+07:00,False,NONE,SUFFICIENT_SOC_RANGE
DE000952,T0119,2026-09-01T18:00:22.537900285+07:00,False,NONE,SUFFICIENT_SOC_RANGE
DE000953,T0120,2026-09-01T18:00:49.518311999+07:00,False,NONE,SUFFICIENT_SOC_RANGE
DE000954,T0120,2026-09-01T18:01:50.339767999+07:00,False,NONE,SUFFICIENT_SOC_RANGE
DE000955,T0120,2026-09-01T18:03:00.053887+07:00,False,NONE,SUFFICIENT_SOC_RANGE
DE000956,T0120,2026-09-01T18:04:02.362321285+07:00,False,NONE,SUFFICIENT_SOC_RANGE
DE000957,T0120,2026-09-01T18:04:54.768908785+07:00,False,NONE,SUFFICIENT_SOC_RANGE
DE000958,T0120,2026-09-01T18:05:41.874399321+07:00,False,NONE,SUFFICIENT_SOC_RANGE
DE000959,T0120,2026-09-01T18:06:50.184892+07:00,False,NONE,SUFFICIENT_SOC_RANGE
DE000960,T0120,2026-09-01T18:07:47.370083428+07:00,False,NONE,SUFFICIENT_SOC_RANGE
DE000961,T0121,2026-09-01T18:06:43.390738285+07:00,False,NONE,SUFFICIENT_SOC_RANGE
DE000962,T0121,2026-09-01T18:07:52.052483999+07:00,False,NONE,SUFFICIENT_SOC_RANGE
DE000963,T0121,2026-09-01T18:08:54.487824+07:00,False,NONE,SUFFICIENT_SOC_RANGE
DE000964,T0121,2026-09-01T18:10:02.675999999+07:00,False,NONE,SUFFICIENT_SOC_RANGE
DE000965,T0121,2026-09-01T18:11:11.174728+07:00,False,NONE,SUFFICIENT_SOC_RANGE
DE000966,T0121,2026-09-01T18:12:23.086981333+07:00,False,NONE,SUFFICIENT_SOC_RANGE
DE000967,T0121,2026-09-01T18:13:30.733104+07:00,False,NONE,SUFFICIENT_SOC_RANGE
DE000968,T0121,2026-09-01T18:14:35.571136+07:00,False,NONE,SUFFICIENT_SOC_RANGE
DE000969,T0122,2026-09-01T18:12:50.719657499+07:00,True,CHARGING,LOW_SOC
DE000970,T0122,2026-09-01T18:15:10.473227500+07:00,True,CHARGING,LOW_SOC
DE000971,T0122,2026-09-01T18:17:38.879427500+07:00,True,CHARGING,LOW_SOC
DE000972,T0122,2026-09-01T18:20:04.666827500+07:00,True,CHARGING,LOW_SOC
DE000973,T0122,2026-09-01T18:22:00.110107500+07:00,True,CHARGING,LOW_SOC
DE000974,T0122,2026-09-01T18:23:45.019585+07:00,True,CHARGING,LOW_SOC
DE000975,T0122,2026-09-01T18:26:21.112847500+07:00,True,CHARGING,LOW_SOC
DE000976,T0122,2026-09-01T18:28:54.456455500+07:00,True,CHARGING,LOW_SOC
DE000977,T0123,2026-09-01T18:18:38.875488+07:00,True,BATTERY_SWAP,LOW_SOC
DE000978,T0123,2026-09-01T18:19:42.438948+07:00,True,BATTERY_SWAP,LOW_SOC
DE000979,T0123,2026-09-01T18:20:46.072608+07:00,True,BATTERY_SWAP,LOW_SOC
DE000980,T0123,2026-09-01T18:21:42.170212+07:00,True,BATTERY_SWAP,LOW_SOC
DE000981,T0123,2026-09-01T18:22:37.880776+07:00,True,BATTERY_SWAP,LOW_SOC
DE000982,T0123,2026-09-01T18:23:41.514436+07:00,True,BATTERY_SWAP,LOW_SOC
DE000983,T0123,2026-09-01T18:24:45.279431999+07:00,True,BATTERY_SWAP,LOW_SOC
DE000984,T0123,2026-09-01T18:25:49.561847999+07:00,True,BATTERY_SWAP,LOW_SOC
DE000985,T0124,2026-09-01T18:24:30.160500+07:00,True,CHARGING,LOW_SOC
DE000986,T0124,2026-09-01T18:25:13.731668478+07:00,True,CHARGING,LOW_SOC
DE000987,T0124,2026-09-01T18:25:51.731810624+07:00,True,CHARGING,LOW_SOC
DE000988,T0124,2026-09-01T18:26:31.053974999+07:00,True,CHARGING,LOW_SOC
DE000989,T0124,2026-09-01T18:27:18.465553124+07:00,True,CHARGING,LOW_SOC
DE000990,T0124,2026-09-01T18:28:02.788021875+07:00,True,CHARGING,LOW_SOC
DE000991,T0124,2026-09-01T18:28:48.377210958+07:00,True,CHARGING,LOW_SOC
DE000992,T0124,2026-09-01T18:29:30.512708219+07:00,True,CHARGING,LOW_SOC
DE000993,T0125,2026-09-01T18:31:36.803279999+07:00,True,CHARGING,LOW_SOC
DE000994,T0125,2026-09-01T18:33:39.499200+07:00,True,CHARGING,LOW_SOC
DE000995,T0125,2026-09-01T18:35:50.796528+07:00,True,CHARGING,LOW_SOC
DE000996,T0125,2026-09-01T18:37:50.545955999+07:00,True,CHARGING,LOW_SOC
DE000997,T0125,2026-09-01T18:39:57.623184+07:00,True,CHARGING,LOW_SOC
DE000998,T0125,2026-09-01T18:42:15.688512+07:00,True,CHARGING,LOW_SOC
DE000999,T0125,2026-09-01T18:44:18.204912+07:00,True,CHARGING,LOW_SOC
DE001000,T0125,2026-09-01T18:46:31.189728+07:00,True,CHARGING,LOW_SOC
DE001001,T0126,2026-09-01T18:37:49.264849333+07:00,True,BATTERY_SWAP,LOW_SOC
DE001002,T0126,2026-09-01T18:40:21.491384+07:00,True,BATTERY_SWAP,LOW_SOC
DE001003,T0126,2026-09-01T18:42:56.792159342+07:00,True,BATTERY_SWAP,LOW_SOC
DE001004,T0126,2026-09-01T18:45:39.080658999+07:00,True,BATTERY_SWAP,LOW_SOC
DE001005,T0126,2026-09-01T18:48:29.626983999+07:00,True,BATTERY_SWAP,LOW_SOC
DE001006,T0126,2026-09-01T18:50:52.566083999+07:00,True,BATTERY_SWAP,LOW_SOC
DE001007,T0126,2026-09-01T18:53:27.133033999+07:00,True,BATTERY_SWAP,LOW_SOC
DE001008,T0126,2026-09-01T18:56:21.586384+07:00,True,BATTERY_SWAP,LOW_SOC
DE001009,T0127,2026-09-01T18:42:57.525228+07:00,False,NONE,SUFFICIENT_SOC_RANGE
DE001010,T0127,2026-09-01T18:44:17.335486499+07:00,False,NONE,SUFFICIENT_SOC_RANGE
DE001011,T0127,2026-09-01T18:45:27.624095999+07:00,False,NONE,SUFFICIENT_SOC_RANGE
DE001012,T0127,2026-09-01T18:46:52.090036500+07:00,False,NONE,SUFFICIENT_SOC_RANGE
DE001013,T0127,2026-09-01T18:48:24.099988500+07:00,False,NONE,SUFFICIENT_SOC_RANGE
DE001014,T0127,2026-09-01T18:49:47.669668500+07:00,False,NONE,SUFFICIENT_SOC_RANGE
DE001015,T0127,2026-09-01T18:51:09.219892500+07:00,False,NONE,SUFFICIENT_SOC_RANGE
DE001016,T0127,2026-09-01T18:52:40.408252500+07:00,False,NONE,SUFFICIENT_SOC_RANGE
DE001017,T0128,2026-09-01T18:48:34.966761600+07:00,False,NONE,SUFFICIENT_SOC_RANGE
DE001018,T0128,2026-09-01T18:49:25.239791999+07:00,False,NONE,SUFFICIENT_SOC_RANGE
DE001019,T0128,2026-09-01T18:50:16.981709999+07:00,False,NONE,SUFFICIENT_SOC_RANGE
DE001020,T0128,2026-09-01T18:51:08.630639999+07:00,False,NONE,SUFFICIENT_SOC_RANGE
DE001021,T0128,2026-09-01T18:52:00.529574399+07:00,False,NONE,SUFFICIENT_SOC_RANGE
DE001022,T0128,2026-09-01T18:52:52.758527999+07:00,False,NONE,SUFFICIENT_SOC_RANGE
DE001023,T0128,2026-09-01T18:53:44.676959999+07:00,False,NONE,SUFFICIENT_SOC_RANGE
DE001024,T0128,2026-09-01T18:54:33.610391999+07:00,False,NONE,SUFFICIENT_SOC_RANGE
DE001025,T0129,2026-09-01T18:55:43.017438499+07:00,True,BATTERY_SWAP,LOW_SOC_AND_INSUFFICIENT_RANGE
DE001026,T0129,2026-09-01T18:57:40.347508999+07:00,True,BATTERY_SWAP,LOW_SOC_AND_INSUFFICIENT_RANGE
DE001027,T0129,2026-09-01T19:00:25.892588999+07:00,True,BATTERY_SWAP,LOW_SOC_AND_INSUFFICIENT_RANGE
DE001028,T0129,2026-09-01T19:03:21.280445+07:00,True,BATTERY_SWAP,LOW_SOC_AND_INSUFFICIENT_RANGE
DE001029,T0129,2026-09-01T19:06:20.680621+07:00,True,BATTERY_SWAP,LOW_SOC_AND_INSUFFICIENT_RANGE
DE001030,T0129,2026-09-01T19:09:21.572701+07:00,True,BATTERY_SWAP,LOW_SOC_AND_INSUFFICIENT_RANGE
DE001031,T0129,2026-09-01T19:12:22.659613+07:00,True,BATTERY_SWAP,LOW_SOC_AND_INSUFFICIENT_RANGE
DE001032,T0129,2026-09-01T19:15:43.188357+07:00,True,BATTERY_SWAP,LOW_SOC_AND_INSUFFICIENT_RANGE
DE001033,T0130,2026-09-01T19:00:22.705680+07:00,True,CHARGING,LOW_SOC
DE001034,T0130,2026-09-01T19:01:05.052647999+07:00,True,CHARGING,LOW_SOC
DE001035,T0130,2026-09-01T19:01:53.856539294+07:00,True,CHARGING,LOW_SOC
DE001036,T0130,2026-09-01T19:02:37.992669473+07:00,True,CHARGING,LOW_SOC
DE001037,T0130,2026-09-01T19:03:03.398931999+07:00,True,CHARGING,LOW_SOC
DE001038,T0130,2026-09-01T19:03:44.738018181+07:00,True,CHARGING,LOW_SOC
DE001039,T0130,2026-09-01T19:04:38.069695999+07:00,True,CHARGING,LOW_SOC
DE001040,T0130,2026-09-01T19:05:40.345031999+07:00,True,CHARGING,LOW_SOC
DE001041,T0131,2026-09-01T19:07:18.050304+07:00,True,BATTERY_SWAP,LOW_SOC
DE001042,T0131,2026-09-01T19:09:13.552560+07:00,True,BATTERY_SWAP,LOW_SOC
DE001043,T0131,2026-09-01T19:11:13.946006400+07:00,True,BATTERY_SWAP,LOW_SOC
DE001044,T0131,2026-09-01T19:13:03.634535999+07:00,True,BATTERY_SWAP,LOW_SOC
DE001045,T0131,2026-09-01T19:14:50.651088+07:00,True,BATTERY_SWAP,LOW_SOC
DE001046,T0131,2026-09-01T19:16:52.194000+07:00,True,BATTERY_SWAP,LOW_SOC
DE001047,T0131,2026-09-01T19:18:53.599752+07:00,True,BATTERY_SWAP,LOW_SOC
DE001048,T0131,2026-09-01T19:20:47.935896+07:00,True,BATTERY_SWAP,LOW_SOC
DE001049,T0132,2026-09-01T19:13:07.020862500+07:00,True,BATTERY_SWAP,LOW_SOC
DE001050,T0132,2026-09-01T19:15:04.092391588+07:00,True,BATTERY_SWAP,LOW_SOC
DE001051,T0132,2026-09-01T19:16:59.644017+07:00,True,BATTERY_SWAP,LOW_SOC
DE001052,T0132,2026-09-01T19:19:14.196241+07:00,True,BATTERY_SWAP,LOW_SOC
DE001053,T0132,2026-09-01T19:21:09.773140764+07:00,True,BATTERY_SWAP,LOW_SOC
DE001054,T0132,2026-09-01T19:22:54.105617999+07:00,True,BATTERY_SWAP,LOW_SOC
DE001055,T0132,2026-09-01T19:24:42.716960227+07:00,True,BATTERY_SWAP,LOW_SOC
DE001056,T0132,2026-09-01T19:27:26.386960227+07:00,True,BATTERY_SWAP,LOW_SOC
DE001057,T0133,2026-09-01T19:18:50.146559999+07:00,True,CHARGING,LOW_SOC
DE001058,T0133,2026-09-01T19:20:03.925679999+07:00,True,CHARGING,LOW_SOC
DE001059,T0133,2026-09-01T19:21:27.658223999+07:00,True,CHARGING,LOW_SOC
DE001060,T0133,2026-09-01T19:22:47.070315428+07:00,True,CHARGING,LOW_SOC
DE001061,T0133,2026-09-01T19:23:53.461119428+07:00,True,CHARGING,LOW_SOC
DE001062,T0133,2026-09-01T19:25:16.726203428+07:00,True,CHARGING,LOW_SOC
DE001063,T0133,2026-09-01T19:26:30.447003428+07:00,True,CHARGING,LOW_SOC
DE001064,T0133,2026-09-01T19:27:39.438349714+07:00,True,CHARGING,LOW_SOC
DE001065,T0134,2026-09-01T19:25:25.895400+07:00,True,CHARGING,LOW_SOC
DE001066,T0134,2026-09-01T19:27:26.779466666+07:00,True,CHARGING,LOW_SOC
DE001067,T0134,2026-09-01T19:29:39.927319999+07:00,True,CHARGING,LOW_SOC
DE001068,T0134,2026-09-01T19:31:58.086459999+07:00,True,CHARGING,LOW_SOC
DE001069,T0134,2026-09-01T19:33:46.023671999+07:00,True,CHARGING,LOW_SOC
DE001070,T0134,2026-09-01T19:35:16.089159999+07:00,True,CHARGING,LOW_SOC
DE001071,T0134,2026-09-01T19:37:01.618839999+07:00,True,CHARGING,LOW_SOC
DE001072,T0134,2026-09-01T19:38:57.209455999+07:00,True,CHARGING,LOW_SOC
DE001073,T0135,2026-09-01T19:32:08.198468571+07:00,True,BATTERY_SWAP,LOW_SOC
DE001074,T0135,2026-09-01T19:35:14.717425142+07:00,True,BATTERY_SWAP,LOW_SOC
DE001075,T0135,2026-09-01T19:38:11.887097142+07:00,True,BATTERY_SWAP,LOW_SOC
DE001076,T0135,2026-09-01T19:40:56.436929142+07:00,True,BATTERY_SWAP,LOW_SOC
DE001077,T0135,2026-09-01T19:44:05.070460571+07:00,True,BATTERY_SWAP,LOW_SOC
DE001078,T0135,2026-09-01T19:47:13.395997714+07:00,True,BATTERY_SWAP,LOW_SOC
DE001079,T0135,2026-09-01T19:49:54.168033142+07:00,True,BATTERY_SWAP,LOW_SOC
DE001080,T0135,2026-09-01T19:52:32.744001142+07:00,True,BATTERY_SWAP,LOW_SOC
DE001081,T0136,2026-09-01T19:36:53.358623999+07:00,True,CHARGING,LOW_SOC
DE001082,T0136,2026-09-01T19:38:22.348896+07:00,True,CHARGING,LOW_SOC
DE001083,T0136,2026-09-01T19:39:59.175575999+07:00,True,CHARGING,LOW_SOC
DE001084,T0136,2026-09-01T19:41:06.889271999+07:00,True,CHARGING,LOW_SOC
DE001085,T0136,2026-09-01T19:42:20.339375999+07:00,True,CHARGING,LOW_SOC
DE001086,T0136,2026-09-01T19:43:59.625879999+07:00,True,CHARGING,LOW_SOC
DE001087,T0136,2026-09-01T19:45:22.734647999+07:00,True,CHARGING,LOW_SOC
DE001088,T0136,2026-09-01T19:46:35.213519999+07:00,True,CHARGING,LOW_SOC
DE001089,T0137,2026-09-01T19:43:04.240404749+07:00,True,CHARGING,LOW_SOC
DE001090,T0137,2026-09-01T19:44:19.931963999+07:00,True,CHARGING,LOW_SOC
DE001091,T0137,2026-09-01T19:45:41.617697999+07:00,True,CHARGING,LOW_SOC
DE001092,T0137,2026-09-01T19:47:01.797980999+07:00,True,CHARGING,LOW_SOC
DE001093,T0137,2026-09-01T19:48:22.809671999+07:00,True,CHARGING,LOW_SOC
DE001094,T0137,2026-09-01T19:49:47.017967999+07:00,True,CHARGING,LOW_SOC
DE001095,T0137,2026-09-01T19:51:32.894471999+07:00,True,CHARGING,LOW_SOC
DE001096,T0137,2026-09-01T19:53:17.783882285+07:00,True,CHARGING,LOW_SOC
DE001097,T0138,2026-09-01T19:49:04.402656+07:00,True,BATTERY_SWAP,LOW_SOC_AND_INSUFFICIENT_RANGE
DE001098,T0138,2026-09-01T19:50:34.695744+07:00,True,BATTERY_SWAP,LOW_SOC_AND_INSUFFICIENT_RANGE
DE001099,T0138,2026-09-01T19:51:39.357787999+07:00,True,BATTERY_SWAP,LOW_SOC_AND_INSUFFICIENT_RANGE
DE001100,T0138,2026-09-01T19:53:10.876669999+07:00,True,BATTERY_SWAP,LOW_SOC_AND_INSUFFICIENT_RANGE
DE001101,T0138,2026-09-01T19:55:07.912289999+07:00,True,BATTERY_SWAP,LOW_SOC_AND_INSUFFICIENT_RANGE
DE001102,T0138,2026-09-01T19:56:40.729799999+07:00,True,BATTERY_SWAP,LOW_SOC_AND_INSUFFICIENT_RANGE
DE001103,T0138,2026-09-01T19:58:16.600083999+07:00,True,BATTERY_SWAP,LOW_SOC_AND_INSUFFICIENT_RANGE
DE001104,T0138,2026-09-01T19:59:45.636368499+07:00,True,BATTERY_SWAP,LOW_SOC_AND_INSUFFICIENT_RANGE
DE001105,T0139,2026-09-01T19:55:35.370815999+07:00,False,NONE,SUFFICIENT_SOC_RANGE
DE001106,T0139,2026-09-01T19:57:37.326886857+07:00,False,NONE,SUFFICIENT_SOC_RANGE
DE001107,T0139,2026-09-01T19:59:37.737856+07:00,False,NONE,SUFFICIENT_SOC_RANGE
DE001108,T0139,2026-09-01T20:01:30.944609500+07:00,False,NONE,SUFFICIENT_SOC_RANGE
DE001109,T0139,2026-09-01T20:03:18.284151+07:00,False,NONE,SUFFICIENT_SOC_RANGE
DE001110,T0139,2026-09-01T20:05:08.119756565+07:00,False,NONE,SUFFICIENT_SOC_RANGE
DE001111,T0139,2026-09-01T20:07:13.278039+07:00,False,NONE,SUFFICIENT_SOC_RANGE
DE001112,T0139,2026-09-01T20:09:28.671240454+07:00,False,NONE,SUFFICIENT_SOC_RANGE
DE001113,T0140,2026-09-01T20:02:16.521698285+07:00,False,NONE,SUFFICIENT_SOC_RANGE
DE001114,T0140,2026-09-01T20:04:48.874811785+07:00,False,NONE,SUFFICIENT_SOC_RANGE
DE001115,T0140,2026-09-01T20:07:20.012429285+07:00,False,NONE,SUFFICIENT_SOC_RANGE
DE001116,T0140,2026-09-01T20:10:12.649453285+07:00,False,NONE,SUFFICIENT_SOC_RANGE
DE001117,T0140,2026-09-01T20:12:48.517878785+07:00,False,NONE,SUFFICIENT_SOC_RANGE
DE001118,T0140,2026-09-01T20:15:20.806879857+07:00,False,NONE,SUFFICIENT_SOC_RANGE
DE001119,T0140,2026-09-01T20:17:36.225908499+07:00,False,NONE,SUFFICIENT_SOC_RANGE
DE001120,T0140,2026-09-01T20:19:53.891131857+07:00,False,NONE,SUFFICIENT_SOC_RANGE
DE001121,T0141,2026-09-01T20:08:06.529924571+07:00,False,NONE,SUFFICIENT_SOC_RANGE
DE001122,T0141,2026-09-01T20:10:46.748025015+07:00,False,NONE,SUFFICIENT_SOC_RANGE
DE001123,T0141,2026-09-01T20:13:22.925267428+07:00,False,NONE,SUFFICIENT_SOC_RANGE
DE001124,T0141,2026-09-01T20:15:26.643694857+07:00,False,NONE,SUFFICIENT_SOC_RANGE
DE001125,T0141,2026-09-01T20:18:06.515970285+07:00,False,NONE,SUFFICIENT_SOC_RANGE
DE001126,T0141,2026-09-01T20:20:33.711820571+07:00,False,NONE,SUFFICIENT_SOC_RANGE
DE001127,T0141,2026-09-01T20:22:18.629500571+07:00,False,NONE,SUFFICIENT_SOC_RANGE
DE001128,T0141,2026-09-01T20:24:48.954599999+07:00,False,NONE,SUFFICIENT_SOC_RANGE
DE001129,T0142,2026-09-01T20:13:20.148671999+07:00,False,NONE,SUFFICIENT_SOC_RANGE
DE001130,T0142,2026-09-01T20:15:17.127504+07:00,False,NONE,SUFFICIENT_SOC_RANGE
DE001131,T0142,2026-09-01T20:17:23.418573473+07:00,False,NONE,SUFFICIENT_SOC_RANGE
DE001132,T0142,2026-09-01T20:19:35.327078400+07:00,False,NONE,SUFFICIENT_SOC_RANGE
DE001133,T0142,2026-09-01T20:21:49.143657599+07:00,False,NONE,SUFFICIENT_SOC_RANGE
DE001134,T0142,2026-09-01T20:23:46.577903999+07:00,False,NONE,SUFFICIENT_SOC_RANGE
DE001135,T0142,2026-09-01T20:25:55.465967999+07:00,False,NONE,SUFFICIENT_SOC_RANGE
DE001136,T0142,2026-09-01T20:28:07.563431999+07:00,False,NONE,SUFFICIENT_SOC_RANGE
DE001137,T0143,2026-09-01T20:19:21.479451923+07:00,True,CHARGING,LOW_SOC
DE001138,T0143,2026-09-01T20:21:49.462448500+07:00,True,CHARGING,LOW_SOC
DE001139,T0143,2026-09-01T20:23:49.388618499+07:00,True,CHARGING,LOW_SOC
DE001140,T0143,2026-09-01T20:25:53.181520999+07:00,True,CHARGING,LOW_SOC
DE001141,T0143,2026-09-01T20:27:44.775081+07:00,True,CHARGING,LOW_SOC
DE001142,T0143,2026-09-01T20:29:59.698873+07:00,True,CHARGING,LOW_SOC
DE001143,T0143,2026-09-01T20:32:05.539424499+07:00,True,CHARGING,LOW_SOC
DE001144,T0143,2026-09-01T20:33:53.087240815+07:00,True,CHARGING,LOW_SOC
DE001145,T0144,2026-09-01T20:25:35.434127999+07:00,True,BATTERY_SWAP,LOW_SOC
DE001146,T0144,2026-09-01T20:27:24.953712+07:00,True,BATTERY_SWAP,LOW_SOC
DE001147,T0144,2026-09-01T20:30:00.353791999+07:00,True,BATTERY_SWAP,LOW_SOC
DE001148,T0144,2026-09-01T20:32:24.267935999+07:00,True,BATTERY_SWAP,LOW_SOC
DE001149,T0144,2026-09-01T20:34:48.513839999+07:00,True,BATTERY_SWAP,LOW_SOC
DE001150,T0144,2026-09-01T20:36:49.791603999+07:00,True,BATTERY_SWAP,LOW_SOC
DE001151,T0144,2026-09-01T20:39:27.030156+07:00,True,BATTERY_SWAP,LOW_SOC
DE001152,T0144,2026-09-01T20:42:03.767657999+07:00,True,BATTERY_SWAP,LOW_SOC
DE001153,T0145,2026-09-01T06:00:53.045737500+07:00,True,CHARGING,LOW_SOC
DE001154,T0145,2026-09-01T06:01:39.323005+07:00,True,CHARGING,LOW_SOC
DE001155,T0145,2026-09-01T06:02:46.843909500+07:00,True,CHARGING,LOW_SOC
DE001156,T0145,2026-09-01T06:03:51.945085500+07:00,True,CHARGING,LOW_SOC
DE001157,T0145,2026-09-01T06:05:17.250821500+07:00,True,CHARGING,LOW_SOC
DE001158,T0145,2026-09-01T06:06:26.576623499+07:00,True,CHARGING,LOW_SOC
DE001159,T0145,2026-09-01T06:07:53.336239500+07:00,True,CHARGING,LOW_SOC
DE001160,T0145,2026-09-01T06:09:30.003755500+07:00,True,CHARGING,LOW_SOC
DE001161,T0146,2026-09-01T06:07:04.061855999+07:00,True,CHARGING,LOW_SOC
DE001162,T0146,2026-09-01T06:08:26.384598857+07:00,True,CHARGING,LOW_SOC
DE001163,T0146,2026-09-01T06:09:44.041145142+07:00,True,CHARGING,LOW_SOC
DE001164,T0146,2026-09-01T06:11:04.371401142+07:00,True,CHARGING,LOW_SOC
DE001165,T0146,2026-09-01T06:12:16.842857142+07:00,True,CHARGING,LOW_SOC
DE001166,T0146,2026-09-01T06:13:14.576561142+07:00,True,CHARGING,LOW_SOC
DE001167,T0146,2026-09-01T06:14:43.053881142+07:00,True,CHARGING,LOW_SOC
DE001168,T0146,2026-09-01T06:16:05.471204571+07:00,True,CHARGING,LOW_SOC
DE001169,T0147,2026-09-01T06:14:10.390016+07:00,True,BATTERY_SWAP,LOW_SOC
DE001170,T0147,2026-09-01T06:16:59.571504+07:00,True,BATTERY_SWAP,LOW_SOC
DE001171,T0147,2026-09-01T06:20:11.577312+07:00,True,BATTERY_SWAP,LOW_SOC
DE001172,T0147,2026-09-01T06:23:31.177943999+07:00,True,BATTERY_SWAP,LOW_SOC
DE001173,T0147,2026-09-01T06:26:27.717527999+07:00,True,BATTERY_SWAP,LOW_SOC
DE001174,T0147,2026-09-01T06:29:09.762568857+07:00,True,BATTERY_SWAP,LOW_SOC
DE001175,T0147,2026-09-01T06:31:21.564400214+07:00,True,BATTERY_SWAP,LOW_SOC
DE001176,T0147,2026-09-01T06:33:39.134801499+07:00,True,BATTERY_SWAP,LOW_SOC
DE001177,T0148,2026-09-01T06:19:17.392499999+07:00,False,NONE,SUFFICIENT_SOC_RANGE
DE001178,T0148,2026-09-01T06:22:04.390868+07:00,False,NONE,SUFFICIENT_SOC_RANGE
DE001179,T0148,2026-09-01T06:25:00.196680+07:00,False,NONE,SUFFICIENT_SOC_RANGE
DE001180,T0148,2026-09-01T06:28:21.796398181+07:00,False,NONE,SUFFICIENT_SOC_RANGE
DE001181,T0148,2026-09-01T06:31:18.961428+07:00,False,NONE,SUFFICIENT_SOC_RANGE
DE001182,T0148,2026-09-01T06:33:46.611092+07:00,False,NONE,SUFFICIENT_SOC_RANGE
DE001183,T0148,2026-09-01T06:36:14.964510285+07:00,False,NONE,SUFFICIENT_SOC_RANGE
DE001184,T0148,2026-09-01T06:38:22.042793999+07:00,False,NONE,SUFFICIENT_SOC_RANGE
DE001185,T0149,2026-09-01T06:26:09.794599999+07:00,False,NONE,SUFFICIENT_SOC_RANGE
DE001186,T0149,2026-09-01T06:29:05.118342857+07:00,False,NONE,SUFFICIENT_SOC_RANGE
DE001187,T0149,2026-09-01T06:31:55.016373714+07:00,False,NONE,SUFFICIENT_SOC_RANGE
DE001188,T0149,2026-09-01T06:34:51.668564894+07:00,False,NONE,SUFFICIENT_SOC_RANGE
DE001189,T0149,2026-09-01T06:38:15.883812499+07:00,False,NONE,SUFFICIENT_SOC_RANGE
DE001190,T0149,2026-09-01T06:41:00.792034867+07:00,False,NONE,SUFFICIENT_SOC_RANGE
DE001191,T0149,2026-09-01T06:43:27.832820142+07:00,False,NONE,SUFFICIENT_SOC_RANGE
DE001192,T0149,2026-09-01T06:46:01.819935976+07:00,False,NONE,SUFFICIENT_SOC_RANGE
DE001193,T0150,2026-09-01T06:31:02.476560+07:00,True,BATTERY_SWAP,LOW_SOC
DE001194,T0150,2026-09-01T06:32:14.979667200+07:00,True,BATTERY_SWAP,LOW_SOC
DE001195,T0150,2026-09-01T06:33:49.665887999+07:00,True,BATTERY_SWAP,LOW_SOC
DE001196,T0150,2026-09-01T06:35:27.179663999+07:00,True,BATTERY_SWAP,LOW_SOC
DE001197,T0150,2026-09-01T06:37:01.338742530+07:00,True,BATTERY_SWAP,LOW_SOC
DE001198,T0150,2026-09-01T06:38:31.816464+07:00,True,BATTERY_SWAP,LOW_SOC
DE001199,T0150,2026-09-01T06:40:18.384198857+07:00,True,BATTERY_SWAP,LOW_SOC
DE001200,T0150,2026-09-01T06:41:57.937487999+07:00,True,BATTERY_SWAP,LOW_SOC
