event_id,eligible_candidate_count,has_recommendation,reference_station_id,label_method
DE000049,2,True,S012,eligible_candidates_documented_baseline_cost_v3
DE000053,1,True,S012,eligible_candidates_documented_baseline_cost_v3
DE000057,0,False,,NO_ELIGIBLE_STATION
DE000061,0,False,,NO_ELIGIBLE_STATION
DE000065,0,False,,NO_ELIGIBLE_STATION
DE000069,0,False,,NO_ELIGIBLE_STATION
DE000073,0,False,,NO_ELIGIBLE_STATION
DE000077,0,False,,NO_ELIGIBLE_STATION
DE000081,20,True,S001,eligible_candidates_documented_baseline_cost_v3
DE000084,20,True,S001,eligible_candidates_documented_baseline_cost_v3
DE000087,20,True,S001,eligible_candidates_documented_baseline_cost_v3
DE000090,20,True,S001,eligible_candidates_documented_baseline_cost_v3
DE000093,20,True,S001,eligible_candidates_documented_baseline_cost_v3
DE000096,19,True,S001,eligible_candidates_documented_baseline_cost_v3
DE000099,19,True,S001,eligible_candidates_documented_baseline_cost_v3
DE000102,19,True,S001,eligible_candidates_documented_baseline_cost_v3
DE000105,6,True,S018,eligible_candidates_documented_baseline_cost_v3
DE000109,6,True,S018,eligible_candidates_documented_baseline_cost_v3
DE000113,4,True,S018,eligible_candidates_documented_baseline_cost_v3
DE000117,4,True,S018,eligible_candidates_documented_baseline_cost_v3
DE000121,2,True,S018,eligible_candidates_documented_baseline_cost_v3
DE000125,2,True,S018,eligible_candidates_documented_baseline_cost_v3
DE000129,1,True,S018,eligible_candidates_documented_baseline_cost_v3
DE000133,1,True,S018,eligible_candidates_documented_baseline_cost_v3
DE000137,7,True,S024,eligible_candidates_documented_baseline_cost_v3
DE000141,6,True,S024,eligible_candidates_documented_baseline_cost_v3
DE000145,3,True,S003,eligible_candidates_documented_baseline_cost_v3
DE000149,2,True,S003,eligible_candidates_documented_baseline_cost_v3
DE000153,2,True,S003,eligible_candidates_documented_baseline_cost_v3
DE000157,1,True,S003,eligible_candidates_documented_baseline_cost_v3
DE000161,1,True,S003,eligible_candidates_documented_baseline_cost_v3
DE000165,0,False,,NO_ELIGIBLE_STATION
DE000169,0,False,,NO_ELIGIBLE_STATION
DE000172,0,False,,NO_ELIGIBLE_STATION
DE000175,0,False,,NO_ELIGIBLE_STATION
DE000178,0,False,,NO_ELIGIBLE_STATION
DE000181,0,False,,NO_ELIGIBLE_STATION
DE000184,0,False,,NO_ELIGIBLE_STATION
DE000187,0,False,,NO_ELIGIBLE_STATION
DE000190,0,False,,NO_ELIGIBLE_STATION
DE000193,20,True,S002,eligible_candidates_documented_baseline_cost_v3
DE000196,20,True,S002,eligible_candidates_documented_baseline_cost_v3
DE000199,20,True,S002,eligible_candidates_documented_baseline_cost_v3
DE000202,20,True,S002,eligible_candidates_documented_baseline_cost_v3
DE000205,20,True,S002,eligible_candidates_documented_baseline_cost_v3
DE000208,20,True,S002,eligible_candidates_documented_baseline_cost_v3
DE000211,19,True,S002,eligible_candidates_documented_baseline_cost_v3
DE000214,19,True,S002,eligible_candidates_documented_baseline_cost_v3
DE000217,5,True,S021,eligible_candidates_documented_baseline_cost_v3
DE000221,5,True,S021,eligible_candidates_documented_baseline_cost_v3
DE000225,5,True,S021,eligible_candidates_documented_baseline_cost_v3
DE000229,4,True,S021,eligible_candidates_documented_baseline_cost_v3
DE000233,3,True,S006,eligible_candidates_documented_baseline_cost_v3
DE000237,3,True,S006,eligible_candidates_documented_baseline_cost_v3
DE000241,3,True,S006,eligible_candidates_documented_baseline_cost_v3
DE000245,2,True,S006,eligible_candidates_documented_baseline_cost_v3
DE000249,0,False,,NO_ELIGIBLE_STATION
DE000252,0,False,,NO_ELIGIBLE_STATION
DE000255,0,False,,NO_ELIGIBLE_STATION
DE000258,0,False,,NO_ELIGIBLE_STATION
DE000261,0,False,,NO_ELIGIBLE_STATION
DE000264,0,False,,NO_ELIGIBLE_STATION
DE000267,0,False,,NO_ELIGIBLE_STATION
DE000270,0,False,,NO_ELIGIBLE_STATION
DE000273,19,True,S022,eligible_candidates_documented_baseline_cost_v3
DE000276,19,True,S022,eligible_candidates_documented_baseline_cost_v3
DE000279,19,True,S022,eligible_candidates_documented_baseline_cost_v3
DE000282,19,True,S022,eligible_candidates_documented_baseline_cost_v3
DE000285,19,True,S022,eligible_candidates_documented_baseline_cost_v3
DE000288,18,True,S022,eligible_candidates_documented_baseline_cost_v3
DE000291,18,True,S022,eligible_candidates_documented_baseline_cost_v3
DE000294,18,True,S022,eligible_candidates_documented_baseline_cost_v3
DE000297,0,False,,NO_ELIGIBLE_STATION
DE000301,0,False,,NO_ELIGIBLE_STATION
DE000305,0,False,,NO_ELIGIBLE_STATION
DE000309,0,False,,NO_ELIGIBLE_STATION
DE000313,0,False,,NO_ELIGIBLE_STATION
DE000317,0,False,,NO_ELIGIBLE_STATION
DE000321,0,False,,NO_ELIGIBLE_STATION
DE000325,0,False,,NO_ELIGIBLE_STATION
DE000433,18,True,S022,eligible_candidates_documented_baseline_cost_v3
DE000436,18,True,S022,eligible_candidates_documented_baseline_cost_v3
DE000439,18,True,S022,eligible_candidates_documented_baseline_cost_v3
DE000442,18,True,S022,eligible_candidates_documented_baseline_cost_v3
DE000445,19,True,S016,eligible_candidates_documented_baseline_cost_v3
DE000448,19,True,S016,eligible_candidates_documented_baseline_cost_v3
DE000451,19,True,S016,eligible_candidates_documented_baseline_cost_v3
DE000454,19,True,S016,eligible_candidates_documented_baseline_cost_v3
DE000457,5,True,S027,eligible_candidates_documented_baseline_cost_v3
DE000461,5,True,S027,eligible_candidates_documented_baseline_cost_v3
DE000465,4,True,S027,eligible_candidates_documented_baseline_cost_v3
DE000469,4,True,S027,eligible_candidates_documented_baseline_cost_v3
DE000473,4,True,S027,eligible_candidates_documented_baseline_cost_v3
DE000477,4,True,S027,eligible_candidates_documented_baseline_cost_v3
DE000481,3,True,S027,eligible_candidates_documented_baseline_cost_v3
DE000485,3,True,S027,eligible_candidates_documented_baseline_cost_v3
DE000489,19,True,S008,eligible_candidates_documented_baseline_cost_v3
DE000492,19,True,S008,eligible_candidates_documented_baseline_cost_v3
DE000495,1,True,S010,eligible_candidates_documented_baseline_cost_v3
DE000498,1,True,S010,eligible_candidates_documented_baseline_cost_v3
DE000501,1,True,S010,eligible_candidates_documented_baseline_cost_v3
DE000504,1,True,S010,eligible_candidates_documented_baseline_cost_v3
DE000507,19,True,S008,eligible_candidates_documented_baseline_cost_v3
DE000510,19,True,S008,eligible_candidates_documented_baseline_cost_v3
DE000513,1,True,S010,eligible_candidates_documented_baseline_cost_v3
DE000516,1,True,S010,eligible_candidates_documented_baseline_cost_v3
DE000519,1,True,S010,eligible_candidates_documented_baseline_cost_v3
DE000522,1,True,S010,eligible_candidates_documented_baseline_cost_v3
DE000525,1,True,S010,eligible_candidates_documented_baseline_cost_v3
DE000528,1,True,S010,eligible_candidates_documented_baseline_cost_v3
DE000531,1,True,S010,eligible_candidates_documented_baseline_cost_v3
DE000534,19,True,S029,eligible_candidates_documented_baseline_cost_v3
DE000537,4,True,S030,eligible_candidates_documented_baseline_cost_v3
DE000541,4,True,S030,eligible_candidates_documented_baseline_cost_v3
DE000545,4,True,S030,eligible_candidates_documented_baseline_cost_v3
DE000549,4,True,S030,eligible_candidates_documented_baseline_cost_v3
DE000553,5,True,S030,eligible_candidates_documented_baseline_cost_v3
DE000557,5,True,S030,eligible_candidates_documented_baseline_cost_v3
DE000561,5,True,S030,eligible_candidates_documented_baseline_cost_v3
DE000565,5,True,S030,eligible_candidates_documented_baseline_cost_v3
DE000617,0,False,,NO_ELIGIBLE_STATION
DE000620,0,False,,NO_ELIGIBLE_STATION
DE000623,0,False,,NO_ELIGIBLE_STATION
DE000626,0,False,,NO_ELIGIBLE_STATION
DE000629,0,False,,NO_ELIGIBLE_STATION
DE000632,0,False,,NO_ELIGIBLE_STATION
DE000635,0,False,,NO_ELIGIBLE_STATION
DE000638,0,False,,NO_ELIGIBLE_STATION
DE000641,17,True,S019,eligible_candidates_documented_baseline_cost_v3
DE000644,17,True,S019,eligible_candidates_documented_baseline_cost_v3
DE000647,17,True,S019,eligible_candidates_documented_baseline_cost_v3
DE000650,17,True,S019,eligible_candidates_documented_baseline_cost_v3
DE000653,19,True,S019,eligible_candidates_documented_baseline_cost_v3
DE000656,19,True,S019,eligible_candidates_documented_baseline_cost_v3
DE000659,19,True,S019,eligible_candidates_documented_baseline_cost_v3
DE000662,19,True,S019,eligible_candidates_documented_baseline_cost_v3
DE000665,0,False,,NO_ELIGIBLE_STATION
DE000669,0,False,,NO_ELIGIBLE_STATION
DE000673,0,False,,NO_ELIGIBLE_STATION
DE000677,0,False,,NO_ELIGIBLE_STATION
DE000681,0,False,,NO_ELIGIBLE_STATION
DE000685,0,False,,NO_ELIGIBLE_STATION
DE000689,0,False,,NO_ELIGIBLE_STATION
DE000693,0,False,,NO_ELIGIBLE_STATION
DE000697,0,False,,NO_ELIGIBLE_STATION
DE000700,0,False,,NO_ELIGIBLE_STATION
DE000703,0,False,,NO_ELIGIBLE_STATION
DE000706,0,False,,NO_ELIGIBLE_STATION
DE000709,0,False,,NO_ELIGIBLE_STATION
DE000712,0,False,,NO_ELIGIBLE_STATION
DE000715,0,False,,NO_ELIGIBLE_STATION
DE000718,0,False,,NO_ELIGIBLE_STATION
DE000721,19,True,S022,eligible_candidates_documented_baseline_cost_v3
DE000724,18,True,S022,eligible_candidates_documented_baseline_cost_v3
DE000727,18,True,S022,eligible_candidates_documented_baseline_cost_v3
DE000730,18,True,S022,eligible_candidates_documented_baseline_cost_v3
DE000733,18,True,S022,eligible_candidates_documented_baseline_cost_v3
DE000736,18,True,S022,eligible_candidates_documented_baseline_cost_v3
DE000739,19,True,S022,eligible_candidates_documented_baseline_cost_v3
DE000742,19,True,S022,eligible_candidates_documented_baseline_cost_v3
DE000745,18,True,S014,eligible_candidates_documented_baseline_cost_v3
DE000748,18,True,S014,eligible_candidates_documented_baseline_cost_v3
DE000751,18,True,S014,eligible_candidates_documented_baseline_cost_v3
DE000754,18,True,S014,eligible_candidates_documented_baseline_cost_v3
DE000757,18,True,S014,eligible_candidates_documented_baseline_cost_v3
DE000760,18,True,S014,eligible_candidates_documented_baseline_cost_v3
DE000763,19,True,S014,eligible_candidates_documented_baseline_cost_v3
DE000766,19,True,S014,eligible_candidates_documented_baseline_cost_v3
DE000769,0,False,,NO_ELIGIBLE_STATION
DE000772,0,False,,NO_ELIGIBLE_STATION
DE000775,0,False,,NO_ELIGIBLE_STATION
DE000778,0,False,,NO_ELIGIBLE_STATION
DE000781,0,False,,NO_ELIGIBLE_STATION
DE000784,0,False,,NO_ELIGIBLE_STATION
DE000787,0,False,,NO_ELIGIBLE_STATION
DE000790,0,False,,NO_ELIGIBLE_STATION
DE000793,19,True,S008,eligible_candidates_documented_baseline_cost_v3
DE000796,19,True,S008,eligible_candidates_documented_baseline_cost_v3
DE000799,19,True,S008,eligible_candidates_documented_baseline_cost_v3
DE000802,20,True,S008,eligible_candidates_documented_baseline_cost_v3
DE000805,20,True,S008,eligible_candidates_documented_baseline_cost_v3
DE000808,20,True,S008,eligible_candidates_documented_baseline_cost_v3
DE000811,20,True,S008,eligible_candidates_documented_baseline_cost_v3
DE000814,0,False,,NO_ELIGIBLE_STATION
DE000817,20,True,S008,eligible_candidates_documented_baseline_cost_v3
DE000820,20,True,S008,eligible_candidates_documented_baseline_cost_v3
DE000823,20,True,S008,eligible_candidates_documented_baseline_cost_v3
DE000826,20,True,S008,eligible_candidates_documented_baseline_cost_v3
DE000829,20,True,S008,eligible_candidates_documented_baseline_cost_v3
DE000832,20,True,S008,eligible_candidates_documented_baseline_cost_v3
DE000835,20,True,S008,eligible_candidates_documented_baseline_cost_v3
DE000838,19,True,S008,eligible_candidates_documented_baseline_cost_v3
DE000841,0,False,,NO_ELIGIBLE_STATION
DE000844,0,False,,NO_ELIGIBLE_STATION
DE000847,0,False,,NO_ELIGIBLE_STATION
DE000850,0,False,,NO_ELIGIBLE_STATION
DE000853,0,False,,NO_ELIGIBLE_STATION
DE000856,0,False,,NO_ELIGIBLE_STATION
DE000859,0,False,,NO_ELIGIBLE_STATION
DE000862,0,False,,NO_ELIGIBLE_STATION
DE000961,20,True,S007,eligible_candidates_documented_baseline_cost_v3
DE000964,20,True,S007,eligible_candidates_documented_baseline_cost_v3
DE000967,20,True,S007,eligible_candidates_documented_baseline_cost_v3
DE000970,20,True,S007,eligible_candidates_documented_baseline_cost_v3
DE000973,20,True,S007,eligible_candidates_documented_baseline_cost_v3
DE000976,20,True,S007,eligible_candidates_documented_baseline_cost_v3
DE000979,20,True,S007,eligible_candidates_documented_baseline_cost_v3
DE000982,20,True,S007,eligible_candidates_documented_baseline_cost_v3
DE000985,0,False,,NO_ELIGIBLE_STATION
DE000988,0,False,,NO_ELIGIBLE_STATION
DE000991,0,False,,NO_ELIGIBLE_STATION
DE000994,0,False,,NO_ELIGIBLE_STATION
DE000997,0,False,,NO_ELIGIBLE_STATION
DE001000,0,False,,NO_ELIGIBLE_STATION
DE001003,0,False,,NO_ELIGIBLE_STATION
DE001006,0,False,,NO_ELIGIBLE_STATION
DE001009,0,False,,NO_ELIGIBLE_STATION
DE001012,0,False,,NO_ELIGIBLE_STATION
DE001015,0,False,,NO_ELIGIBLE_STATION
DE001018,0,False,,NO_ELIGIBLE_STATION
DE001021,0,False,,NO_ELIGIBLE_STATION
DE001024,0,False,,NO_ELIGIBLE_STATION
DE001027,19,True,S011,eligible_candidates_documented_baseline_cost_v3
DE001030,19,True,S011,eligible_candidates_documented_baseline_cost_v3
DE001033,0,False,,NO_ELIGIBLE_STATION
DE001036,0,False,,NO_ELIGIBLE_STATION
DE001039,0,False,,NO_ELIGIBLE_STATION
DE001042,0,False,,NO_ELIGIBLE_STATION
DE001045,19,True,S022,eligible_candidates_documented_baseline_cost_v3
DE001048,19,True,S022,eligible_candidates_documented_baseline_cost_v3
DE001051,19,True,S022,eligible_candidates_documented_baseline_cost_v3
DE001054,19,True,S022,eligible_candidates_documented_baseline_cost_v3
DE001057,1,True,S005,eligible_candidates_documented_baseline_cost_v3
DE001060,1,True,S005,eligible_candidates_documented_baseline_cost_v3
DE001063,1,True,S005,eligible_candidates_documented_baseline_cost_v3
DE001066,0,False,,NO_ELIGIBLE_STATION
DE001069,0,False,,NO_ELIGIBLE_STATION
DE001072,0,False,,NO_ELIGIBLE_STATION
DE001075,0,False,,NO_ELIGIBLE_STATION
DE001078,0,False,,NO_ELIGIBLE_STATION
DE001129,0,False,,NO_ELIGIBLE_STATION
DE001132,0,False,,NO_ELIGIBLE_STATION
DE001135,0,False,,NO_ELIGIBLE_STATION
DE001138,0,False,,NO_ELIGIBLE_STATION
DE001141,0,False,,NO_ELIGIBLE_STATION
DE001144,0,False,,NO_ELIGIBLE_STATION
DE001147,0,False,,NO_ELIGIBLE_STATION
DE001150,0,False,,NO_ELIGIBLE_STATION
DE001153,19,True,S007,eligible_candidates_documented_baseline_cost_v3
DE001156,19,True,S007,eligible_candidates_documented_baseline_cost_v3
DE001159,20,True,S007,eligible_candidates_documented_baseline_cost_v3
DE001162,20,True,S007,eligible_candidates_documented_baseline_cost_v3
DE001165,20,True,S007,eligible_candidates_documented_baseline_cost_v3
DE001168,20,True,S007,eligible_candidates_documented_baseline_cost_v3
DE001171,20,True,S007,eligible_candidates_documented_baseline_cost_v3
DE001174,20,True,S007,eligible_candidates_documented_baseline_cost_v3
DE001177,3,True,S025,eligible_candidates_documented_baseline_cost_v3
DE001181,2,True,S025,eligible_candidates_documented_baseline_cost_v3
DE001185,2,True,S025,eligible_candidates_documented_baseline_cost_v3
DE001189,2,True,S025,eligible_candidates_documented_baseline_cost_v3
DE001193,2,True,S025,eligible_candidates_documented_baseline_cost_v3
DE001197,2,True,S025,eligible_candidates_documented_baseline_cost_v3
DE001201,2,True,S025,eligible_candidates_documented_baseline_cost_v3
DE001205,2,True,S025,eligible_candidates_documented_baseline_cost_v3
DE001209,2,True,S020,eligible_candidates_documented_baseline_cost_v3
DE001212,1,True,S025,eligible_candidates_documented_baseline_cost_v3
DE001215,1,True,S025,eligible_candidates_documented_baseline_cost_v3
DE001218,0,False,,NO_ELIGIBLE_STATION
DE001221,0,False,,NO_ELIGIBLE_STATION
DE001224,0,False,,NO_ELIGIBLE_STATION
DE001227,0,False,,NO_ELIGIBLE_STATION
DE001230,0,False,,NO_ELIGIBLE_STATION
DE001233,18,True,S004,eligible_candidates_documented_baseline_cost_v3
DE001236,18,True,S004,eligible_candidates_documented_baseline_cost_v3
DE001239,18,True,S004,eligible_candidates_documented_baseline_cost_v3
DE001242,18,True,S004,eligible_candidates_documented_baseline_cost_v3
DE001245,18,True,S004,eligible_candidates_documented_baseline_cost_v3
DE001248,20,True,S002,eligible_candidates_documented_baseline_cost_v3
DE001251,20,True,S002,eligible_candidates_documented_baseline_cost_v3
DE001254,20,True,S002,eligible_candidates_documented_baseline_cost_v3
DE001257,0,False,,NO_ELIGIBLE_STATION
DE001260,0,False,,NO_ELIGIBLE_STATION
DE001263,0,False,,NO_ELIGIBLE_STATION
DE001266,0,False,,NO_ELIGIBLE_STATION
DE001269,0,False,,NO_ELIGIBLE_STATION
DE001272,0,False,,NO_ELIGIBLE_STATION
DE001275,0,False,,NO_ELIGIBLE_STATION
DE001278,0,False,,NO_ELIGIBLE_STATION
DE001281,1,True,S020,eligible_candidates_documented_baseline_cost_v3
DE001284,1,True,S020,eligible_candidates_documented_baseline_cost_v3
DE001287,0,False,,NO_ELIGIBLE_STATION
DE001290,0,False,,NO_ELIGIBLE_STATION
DE001293,0,False,,NO_ELIGIBLE_STATION
DE001296,0,False,,NO_ELIGIBLE_STATION
DE001299,0,False,,NO_ELIGIBLE_STATION
DE001302,0,False,,NO_ELIGIBLE_STATION
DE001305,19,True,S029,eligible_candidates_documented_baseline_cost_v3
DE001308,19,True,S029,eligible_candidates_documented_baseline_cost_v3
DE001311,19,True,S029,eligible_candidates_documented_baseline_cost_v3
DE001314,19,True,S029,eligible_candidates_documented_baseline_cost_v3
DE001317,20,True,S029,eligible_candidates_documented_baseline_cost_v3
DE001320,20,True,S029,eligible_candidates_documented_baseline_cost_v3
DE001323,20,True,S029,eligible_candidates_documented_baseline_cost_v3
DE001326,20,True,S029,eligible_candidates_documented_baseline_cost_v3
DE001329,19,True,S028,eligible_candidates_documented_baseline_cost_v3
DE001332,20,True,S028,eligible_candidates_documented_baseline_cost_v3
DE001335,20,True,S028,eligible_candidates_documented_baseline_cost_v3
DE001338,20,True,S028,eligible_candidates_documented_baseline_cost_v3
DE001341,20,True,S028,eligible_candidates_documented_baseline_cost_v3
DE001344,19,True,S028,eligible_candidates_documented_baseline_cost_v3
DE001347,19,True,S028,eligible_candidates_documented_baseline_cost_v3
DE001350,19,True,S028,eligible_candidates_documented_baseline_cost_v3
DE001353,0,False,,NO_ELIGIBLE_STATION
DE001356,0,False,,NO_ELIGIBLE_STATION
DE001359,0,False,,NO_ELIGIBLE_STATION
DE001362,0,False,,NO_ELIGIBLE_STATION
DE001365,0,False,,NO_ELIGIBLE_STATION
DE001368,0,False,,NO_ELIGIBLE_STATION
DE001371,0,False,,NO_ELIGIBLE_STATION
DE001374,0,False,,NO_ELIGIBLE_STATION
DE001473,18,True,S011,eligible_candidates_documented_baseline_cost_v3
DE001476,18,True,S011,eligible_candidates_documented_baseline_cost_v3
DE001479,18,True,S011,eligible_candidates_documented_baseline_cost_v3
DE001482,18,True,S011,eligible_candidates_documented_baseline_cost_v3
DE001485,18,True,S010,eligible_candidates_documented_baseline_cost_v3
DE001488,18,True,S010,eligible_candidates_documented_baseline_cost_v3
DE001491,18,True,S010,eligible_candidates_documented_baseline_cost_v3
DE001494,18,True,S010,eligible_candidates_documented_baseline_cost_v3
DE001497,0,False,,NO_ELIGIBLE_STATION
DE001500,0,False,,NO_ELIGIBLE_STATION
DE001503,0,False,,NO_ELIGIBLE_STATION
DE001506,0,False,,NO_ELIGIBLE_STATION
DE001509,0,False,,NO_ELIGIBLE_STATION
DE001512,0,False,,NO_ELIGIBLE_STATION
DE001515,0,False,,NO_ELIGIBLE_STATION
DE001518,0,False,,NO_ELIGIBLE_STATION
DE001521,18,True,S019,eligible_candidates_documented_baseline_cost_v3
DE001524,0,False,,NO_ELIGIBLE_STATION
DE001527,0,False,,NO_ELIGIBLE_STATION
DE001530,0,False,,NO_ELIGIBLE_STATION
DE001533,18,True,S007,eligible_candidates_documented_baseline_cost_v3
DE001536,18,True,S007,eligible_candidates_documented_baseline_cost_v3
DE001539,18,True,S007,eligible_candidates_documented_baseline_cost_v3
DE001542,18,True,S007,eligible_candidates_documented_baseline_cost_v3
DE001545,0,False,,NO_ELIGIBLE_STATION
DE001548,0,False,,NO_ELIGIBLE_STATION
DE001551,0,False,,NO_ELIGIBLE_STATION
DE001554,0,False,,NO_ELIGIBLE_STATION
DE001557,0,False,,NO_ELIGIBLE_STATION
DE001560,0,False,,NO_ELIGIBLE_STATION
DE001563,0,False,,NO_ELIGIBLE_STATION
DE001566,18,True,S028,eligible_candidates_documented_baseline_cost_v3
DE001569,5,True,S024,eligible_candidates_documented_baseline_cost_v3
DE001573,6,True,S024,eligible_candidates_documented_baseline_cost_v3
DE001577,4,True,S024,eligible_candidates_documented_baseline_cost_v3
DE001581,4,True,S024,eligible_candidates_documented_baseline_cost_v3
DE001585,4,True,S024,eligible_candidates_documented_baseline_cost_v3
DE001589,4,True,S024,eligible_candidates_documented_baseline_cost_v3
DE001593,4,True,S024,eligible_candidates_documented_baseline_cost_v3
DE001597,3,True,S024,eligible_candidates_documented_baseline_cost_v3
DE001649,0,False,,NO_ELIGIBLE_STATION
DE001653,0,False,,NO_ELIGIBLE_STATION
DE001657,0,False,,NO_ELIGIBLE_STATION
DE001661,0,False,,NO_ELIGIBLE_STATION
DE001665,0,False,,NO_ELIGIBLE_STATION
DE001669,0,False,,NO_ELIGIBLE_STATION
DE001673,0,False,,NO_ELIGIBLE_STATION
DE001677,0,False,,NO_ELIGIBLE_STATION
DE001681,19,True,S008,eligible_candidates_documented_baseline_cost_v3
DE001684,19,True,S008,eligible_candidates_documented_baseline_cost_v3
DE001687,19,True,S008,eligible_candidates_documented_baseline_cost_v3
DE001690,19,True,S008,eligible_candidates_documented_baseline_cost_v3
DE001693,17,True,S008,eligible_candidates_documented_baseline_cost_v3
DE001696,17,True,S008,eligible_candidates_documented_baseline_cost_v3
DE001699,17,True,S008,eligible_candidates_documented_baseline_cost_v3
DE001702,17,True,S008,eligible_candidates_documented_baseline_cost_v3
DE001705,6,True,S027,eligible_candidates_documented_baseline_cost_v3
DE001709,4,True,S027,eligible_candidates_documented_baseline_cost_v3
DE001713,4,True,S027,eligible_candidates_documented_baseline_cost_v3
DE001717,4,True,S027,eligible_candidates_documented_baseline_cost_v3
DE001721,1,True,S027,eligible_candidates_documented_baseline_cost_v3
DE001725,1,True,S027,eligible_candidates_documented_baseline_cost_v3
DE001729,1,True,S027,eligible_candidates_documented_baseline_cost_v3
DE001733,1,True,S027,eligible_candidates_documented_baseline_cost_v3
DE001737,4,True,S006,eligible_candidates_documented_baseline_cost_v3
DE001741,4,True,S006,eligible_candidates_documented_baseline_cost_v3
DE001745,2,True,S006,eligible_candidates_documented_baseline_cost_v3
DE001749,1,True,S021,eligible_candidates_documented_baseline_cost_v3
DE001753,1,True,S021,eligible_candidates_documented_baseline_cost_v3
DE001757,0,False,,NO_ELIGIBLE_STATION
DE001761,0,False,,NO_ELIGIBLE_STATION
DE001765,0,False,,NO_ELIGIBLE_STATION
DE001769,17,True,S014,eligible_candidates_documented_baseline_cost_v3
DE001772,17,True,S014,eligible_candidates_documented_baseline_cost_v3
DE001775,17,True,S014,eligible_candidates_documented_baseline_cost_v3
DE001778,17,True,S014,eligible_candidates_documented_baseline_cost_v3
DE001781,19,True,S023,eligible_candidates_documented_baseline_cost_v3
DE001784,19,True,S023,eligible_candidates_documented_baseline_cost_v3
DE001787,19,True,S023,eligible_candidates_documented_baseline_cost_v3
DE001790,19,True,S023,eligible_candidates_documented_baseline_cost_v3
DE001793,17,True,S022,eligible_candidates_documented_baseline_cost_v3
DE001796,17,True,S022,eligible_candidates_documented_baseline_cost_v3
DE001799,17,True,S022,eligible_candidates_documented_baseline_cost_v3
DE001802,17,True,S022,eligible_candidates_documented_baseline_cost_v3
DE001805,17,True,S022,eligible_candidates_documented_baseline_cost_v3
DE001808,19,True,S022,eligible_candidates_documented_baseline_cost_v3
DE001811,19,True,S022,eligible_candidates_documented_baseline_cost_v3
DE001814,19,True,S022,eligible_candidates_documented_baseline_cost_v3
DE001817,12,True,S012,eligible_candidates_documented_baseline_cost_v3
DE001821,9,True,S012,eligible_candidates_documented_baseline_cost_v3
DE001825,8,True,S012,eligible_candidates_documented_baseline_cost_v3
DE001829,8,True,S021,eligible_candidates_documented_baseline_cost_v3
DE001833,6,True,S021,eligible_candidates_documented_baseline_cost_v3
DE001837,6,True,S021,eligible_candidates_documented_baseline_cost_v3
DE001841,5,True,S021,eligible_candidates_documented_baseline_cost_v3
DE001845,5,True,S021,eligible_candidates_documented_baseline_cost_v3
DE001849,19,True,S007,eligible_candidates_documented_baseline_cost_v3
DE001852,18,True,S007,eligible_candidates_documented_baseline_cost_v3
DE001855,18,True,S007,eligible_candidates_documented_baseline_cost_v3
DE001858,18,True,S007,eligible_candidates_documented_baseline_cost_v3
DE001861,18,True,S007,eligible_candidates_documented_baseline_cost_v3
DE001864,20,True,S007,eligible_candidates_documented_baseline_cost_v3
DE001867,20,True,S007,eligible_candidates_documented_baseline_cost_v3
DE001870,20,True,S007,eligible_candidates_documented_baseline_cost_v3
DE001873,18,True,S004,eligible_candidates_documented_baseline_cost_v3
DE001876,18,True,S004,eligible_candidates_documented_baseline_cost_v3
DE001879,20,True,S004,eligible_candidates_documented_baseline_cost_v3
DE001882,20,True,S004,eligible_candidates_documented_baseline_cost_v3
DE001885,20,True,S004,eligible_candidates_documented_baseline_cost_v3
DE001888,20,True,S004,eligible_candidates_documented_baseline_cost_v3
DE001891,20,True,S004,eligible_candidates_documented_baseline_cost_v3
DE001894,20,True,S004,eligible_candidates_documented_baseline_cost_v3
DE001897,2,True,S020,eligible_candidates_documented_baseline_cost_v3
DE001901,2,True,S020,eligible_candidates_documented_baseline_cost_v3
DE001905,2,True,S020,eligible_candidates_documented_baseline_cost_v3
DE001909,0,False,,NO_ELIGIBLE_STATION
DE001913,0,False,,NO_ELIGIBLE_STATION
DE001917,0,False,,NO_ELIGIBLE_STATION
DE001921,0,False,,NO_ELIGIBLE_STATION
DE001925,0,False,,NO_ELIGIBLE_STATION
DE002033,20,True,S016,eligible_candidates_documented_baseline_cost_v3
DE002036,20,True,S016,eligible_candidates_documented_baseline_cost_v3
DE002039,20,True,S016,eligible_candidates_documented_baseline_cost_v3
DE002042,20,True,S016,eligible_candidates_documented_baseline_cost_v3
DE002045,20,True,S016,eligible_candidates_documented_baseline_cost_v3
DE002048,20,True,S022,eligible_candidates_documented_baseline_cost_v3
DE002051,20,True,S022,eligible_candidates_documented_baseline_cost_v3
DE002054,20,True,S022,eligible_candidates_documented_baseline_cost_v3
DE002057,7,True,S027,eligible_candidates_documented_baseline_cost_v3
DE002061,7,True,S027,eligible_candidates_documented_baseline_cost_v3
DE002065,7,True,S027,eligible_candidates_documented_baseline_cost_v3
DE002069,7,True,S027,eligible_candidates_documented_baseline_cost_v3
DE002073,4,True,S027,eligible_candidates_documented_baseline_cost_v3
DE002077,3,True,S027,eligible_candidates_documented_baseline_cost_v3
DE002081,2,True,S027,eligible_candidates_documented_baseline_cost_v3
DE002085,1,True,S027,eligible_candidates_documented_baseline_cost_v3
DE002089,20,True,S028,eligible_candidates_documented_baseline_cost_v3
DE002092,20,True,S028,eligible_candidates_documented_baseline_cost_v3
DE002095,20,True,S028,eligible_candidates_documented_baseline_cost_v3
DE002098,20,True,S028,eligible_candidates_documented_baseline_cost_v3
DE002101,0,False,,NO_ELIGIBLE_STATION
DE002104,0,False,,NO_ELIGIBLE_STATION
DE002107,0,False,,NO_ELIGIBLE_STATION
DE002110,0,False,,NO_ELIGIBLE_STATION
DE002113,20,True,S028,eligible_candidates_documented_baseline_cost_v3
DE002116,20,True,S028,eligible_candidates_documented_baseline_cost_v3
DE002119,0,False,,NO_ELIGIBLE_STATION
DE002122,0,False,,NO_ELIGIBLE_STATION
DE002125,0,False,,NO_ELIGIBLE_STATION
DE002128,0,False,,NO_ELIGIBLE_STATION
DE002131,0,False,,NO_ELIGIBLE_STATION
DE002134,0,False,,NO_ELIGIBLE_STATION
DE002137,0,False,,NO_ELIGIBLE_STATION
DE002140,0,False,,NO_ELIGIBLE_STATION
DE002143,0,False,,NO_ELIGIBLE_STATION
DE002146,0,False,,NO_ELIGIBLE_STATION
DE002149,0,False,,NO_ELIGIBLE_STATION
DE002152,0,False,,NO_ELIGIBLE_STATION
DE002155,0,False,,NO_ELIGIBLE_STATION
DE002158,0,False,,NO_ELIGIBLE_STATION
DE002209,1,True,S025,eligible_candidates_documented_baseline_cost_v3
DE002212,1,True,S025,eligible_candidates_documented_baseline_cost_v3
DE002215,1,True,S025,eligible_candidates_documented_baseline_cost_v3
DE002218,1,True,S025,eligible_candidates_documented_baseline_cost_v3
DE002221,1,True,S025,eligible_candidates_documented_baseline_cost_v3
DE002224,0,False,,NO_ELIGIBLE_STATION
DE002227,0,False,,NO_ELIGIBLE_STATION
DE002230,0,False,,NO_ELIGIBLE_STATION
DE002233,20,True,S011,eligible_candidates_documented_baseline_cost_v3
DE002236,20,True,S011,eligible_candidates_documented_baseline_cost_v3
DE002239,20,True,S011,eligible_candidates_documented_baseline_cost_v3
DE002242,20,True,S011,eligible_candidates_documented_baseline_cost_v3
DE002245,20,True,S011,eligible_candidates_documented_baseline_cost_v3
DE002248,20,True,S011,eligible_candidates_documented_baseline_cost_v3
DE002251,20,True,S011,eligible_candidates_documented_baseline_cost_v3
DE002254,18,True,S011,eligible_candidates_documented_baseline_cost_v3
DE002257,7,True,S012,eligible_candidates_documented_baseline_cost_v3
DE002261,5,True,S012,eligible_candidates_documented_baseline_cost_v3
DE002265,4,True,S012,eligible_candidates_documented_baseline_cost_v3
DE002269,4,True,S012,eligible_candidates_documented_baseline_cost_v3
DE002273,4,True,S012,eligible_candidates_documented_baseline_cost_v3
DE002277,4,True,S012,eligible_candidates_documented_baseline_cost_v3
DE002281,3,True,S012,eligible_candidates_documented_baseline_cost_v3
DE002285,3,True,S012,eligible_candidates_documented_baseline_cost_v3
DE002289,0,False,,NO_ELIGIBLE_STATION
DE002292,0,False,,NO_ELIGIBLE_STATION
DE002295,0,False,,NO_ELIGIBLE_STATION
DE002298,0,False,,NO_ELIGIBLE_STATION
DE002301,0,False,,NO_ELIGIBLE_STATION
DE002304,0,False,,NO_ELIGIBLE_STATION
DE002307,0,False,,NO_ELIGIBLE_STATION
DE002310,0,False,,NO_ELIGIBLE_STATION
DE002313,18,True,S016,eligible_candidates_documented_baseline_cost_v3
DE002316,18,True,S016,eligible_candidates_documented_baseline_cost_v3
DE002319,18,True,S016,eligible_candidates_documented_baseline_cost_v3
DE002322,18,True,S016,eligible_candidates_documented_baseline_cost_v3
DE002325,18,True,S016,eligible_candidates_documented_baseline_cost_v3
DE002328,20,True,S022,eligible_candidates_documented_baseline_cost_v3
DE002331,20,True,S022,eligible_candidates_documented_baseline_cost_v3
DE002334,20,True,S022,eligible_candidates_documented_baseline_cost_v3
DE002337,20,True,S008,eligible_candidates_documented_baseline_cost_v3
DE002340,20,True,S008,eligible_candidates_documented_baseline_cost_v3
DE002343,20,True,S008,eligible_candidates_documented_baseline_cost_v3
DE002346,20,True,S008,eligible_candidates_documented_baseline_cost_v3
DE002349,20,True,S008,eligible_candidates_documented_baseline_cost_v3
DE002352,20,True,S008,eligible_candidates_documented_baseline_cost_v3
DE002355,20,True,S008,eligible_candidates_documented_baseline_cost_v3
DE002358,20,True,S008,eligible_candidates_documented_baseline_cost_v3
DE002361,2,True,S010,eligible_candidates_documented_baseline_cost_v3
DE002364,2,True,S010,eligible_candidates_documented_baseline_cost_v3
DE002367,2,True,S010,eligible_candidates_documented_baseline_cost_v3
DE002370,2,True,S010,eligible_candidates_documented_baseline_cost_v3
DE002373,1,True,S010,eligible_candidates_documented_baseline_cost_v3
DE002376,1,True,S010,eligible_candidates_documented_baseline_cost_v3
DE002379,1,True,S010,eligible_candidates_documented_baseline_cost_v3
DE002382,1,True,S010,eligible_candidates_documented_baseline_cost_v3
DE002385,20,True,S029,eligible_candidates_documented_baseline_cost_v3
DE002388,20,True,S029,eligible_candidates_documented_baseline_cost_v3
DE002391,20,True,S029,eligible_candidates_documented_baseline_cost_v3
DE002394,20,True,S029,eligible_candidates_documented_baseline_cost_v3
DE002397,20,True,S029,eligible_candidates_documented_baseline_cost_v3
DE002400,20,True,S029,eligible_candidates_documented_baseline_cost_v3
DE002403,20,True,S029,eligible_candidates_documented_baseline_cost_v3
DE002406,20,True,S029,eligible_candidates_documented_baseline_cost_v3
DE002409,20,True,S016,eligible_candidates_documented_baseline_cost_v3
DE002412,20,True,S016,eligible_candidates_documented_baseline_cost_v3
DE002415,20,True,S016,eligible_candidates_documented_baseline_cost_v3
DE002418,20,True,S016,eligible_candidates_documented_baseline_cost_v3
DE002421,20,True,S016,eligible_candidates_documented_baseline_cost_v3
DE002424,20,True,S016,eligible_candidates_documented_baseline_cost_v3
DE002427,20,True,S016,eligible_candidates_documented_baseline_cost_v3
DE002430,20,True,S016,eligible_candidates_documented_baseline_cost_v3
DE002433,0,False,,NO_ELIGIBLE_STATION
DE002436,0,False,,NO_ELIGIBLE_STATION
DE002439,0,False,,NO_ELIGIBLE_STATION
DE002442,0,False,,NO_ELIGIBLE_STATION
DE002445,0,False,,NO_ELIGIBLE_STATION
DE002448,0,False,,NO_ELIGIBLE_STATION
DE002451,0,False,,NO_ELIGIBLE_STATION
DE002454,0,False,,NO_ELIGIBLE_STATION
DE002553,20,True,S026,eligible_candidates_documented_baseline_cost_v3
DE002556,20,True,S026,eligible_candidates_documented_baseline_cost_v3
DE002559,20,True,S026,eligible_candidates_documented_baseline_cost_v3
DE002562,20,True,S026,eligible_candidates_documented_baseline_cost_v3
DE002565,20,True,S026,eligible_candidates_documented_baseline_cost_v3
DE002568,20,True,S026,eligible_candidates_documented_baseline_cost_v3
DE002571,20,True,S026,eligible_candidates_documented_baseline_cost_v3
DE002574,20,True,S007,eligible_candidates_documented_baseline_cost_v3
DE002577,2,True,S005,eligible_candidates_documented_baseline_cost_v3
DE002580,2,True,S005,eligible_candidates_documented_baseline_cost_v3
DE002583,1,True,S005,eligible_candidates_documented_baseline_cost_v3
DE002586,1,True,S005,eligible_candidates_documented_baseline_cost_v3
DE002589,1,True,S005,eligible_candidates_documented_baseline_cost_v3
DE002592,1,True,S005,eligible_candidates_documented_baseline_cost_v3
DE002595,0,False,,NO_ELIGIBLE_STATION
DE002598,0,False,,NO_ELIGIBLE_STATION
DE002601,20,True,S008,eligible_candidates_documented_baseline_cost_v3
DE002604,20,True,S008,eligible_candidates_documented_baseline_cost_v3
DE002607,20,True,S008,eligible_candidates_documented_baseline_cost_v3
DE002610,20,True,S008,eligible_candidates_documented_baseline_cost_v3
DE002613,20,True,S008,eligible_candidates_documented_baseline_cost_v3
DE002616,20,True,S008,eligible_candidates_documented_baseline_cost_v3
DE002619,20,True,S008,eligible_candidates_documented_baseline_cost_v3
DE002622,1,True,S010,eligible_candidates_documented_baseline_cost_v3
DE002625,20,True,S029,eligible_candidates_documented_baseline_cost_v3
DE002628,20,True,S029,eligible_candidates_documented_baseline_cost_v3
DE002631,1,True,S010,eligible_candidates_documented_baseline_cost_v3
DE002634,1,True,S010,eligible_candidates_documented_baseline_cost_v3
DE002637,1,True,S010,eligible_candidates_documented_baseline_cost_v3
DE002640,1,True,S010,eligible_candidates_documented_baseline_cost_v3
DE002643,1,True,S010,eligible_candidates_documented_baseline_cost_v3
DE002646,20,True,S029,eligible_candidates_documented_baseline_cost_v3
DE002649,0,False,,NO_ELIGIBLE_STATION
DE002652,0,False,,NO_ELIGIBLE_STATION
DE002655,0,False,,NO_ELIGIBLE_STATION
DE002658,0,False,,NO_ELIGIBLE_STATION
DE002661,0,False,,NO_ELIGIBLE_STATION
DE002664,0,False,,NO_ELIGIBLE_STATION
DE002667,0,False,,NO_ELIGIBLE_STATION
DE002670,0,False,,NO_ELIGIBLE_STATION
DE002721,0,False,,NO_ELIGIBLE_STATION
DE002724,0,False,,NO_ELIGIBLE_STATION
DE002727,0,False,,NO_ELIGIBLE_STATION
DE002730,0,False,,NO_ELIGIBLE_STATION
DE002733,0,False,,NO_ELIGIBLE_STATION
DE002736,0,False,,NO_ELIGIBLE_STATION
DE002739,0,False,,NO_ELIGIBLE_STATION
DE002742,0,False,,NO_ELIGIBLE_STATION
DE002745,20,True,S025,eligible_candidates_documented_baseline_cost_v3
DE002748,20,True,S025,eligible_candidates_documented_baseline_cost_v3
DE002751,18,True,S025,eligible_candidates_documented_baseline_cost_v3
DE002754,18,True,S025,eligible_candidates_documented_baseline_cost_v3
DE002757,18,True,S025,eligible_candidates_documented_baseline_cost_v3
DE002760,18,True,S025,eligible_candidates_documented_baseline_cost_v3
DE002763,18,True,S025,eligible_candidates_documented_baseline_cost_v3
DE002766,17,True,S025,eligible_candidates_documented_baseline_cost_v3
DE002769,5,True,S027,eligible_candidates_documented_baseline_cost_v3
DE002773,5,True,S027,eligible_candidates_documented_baseline_cost_v3
DE002777,5,True,S027,eligible_candidates_documented_baseline_cost_v3
DE002781,1,True,S027,eligible_candidates_documented_baseline_cost_v3
DE002785,1,True,S027,eligible_candidates_documented_baseline_cost_v3
DE002789,1,True,S027,eligible_candidates_documented_baseline_cost_v3
DE002793,1,True,S027,eligible_candidates_documented_baseline_cost_v3
DE002797,1,True,S027,eligible_candidates_documented_baseline_cost_v3
DE002801,2,True,S010,eligible_candidates_documented_baseline_cost_v3
DE002804,2,True,S010,eligible_candidates_documented_baseline_cost_v3
DE002807,0,False,,NO_ELIGIBLE_STATION
DE002810,0,False,,NO_ELIGIBLE_STATION
DE002813,0,False,,NO_ELIGIBLE_STATION
DE002816,0,False,,NO_ELIGIBLE_STATION
DE002819,1,True,S010,eligible_candidates_documented_baseline_cost_v3
DE002822,1,True,S010,eligible_candidates_documented_baseline_cost_v3
DE002825,17,True,S017,eligible_candidates_documented_baseline_cost_v3
DE002828,17,True,S016,eligible_candidates_documented_baseline_cost_v3
DE002831,17,True,S016,eligible_candidates_documented_baseline_cost_v3
DE002834,17,True,S016,eligible_candidates_documented_baseline_cost_v3
DE002837,17,True,S016,eligible_candidates_documented_baseline_cost_v3
DE002840,17,True,S016,eligible_candidates_documented_baseline_cost_v3
DE002843,17,True,S016,eligible_candidates_documented_baseline_cost_v3
DE002846,17,True,S016,eligible_candidates_documented_baseline_cost_v3
DE002849,17,True,S014,eligible_candidates_documented_baseline_cost_v3
DE002852,17,True,S014,eligible_candidates_documented_baseline_cost_v3
DE002855,17,True,S014,eligible_candidates_documented_baseline_cost_v3
DE002858,17,True,S014,eligible_candidates_documented_baseline_cost_v3
DE002861,17,True,S014,eligible_candidates_documented_baseline_cost_v3
DE002864,17,True,S014,eligible_candidates_documented_baseline_cost_v3
DE002867,17,True,S014,eligible_candidates_documented_baseline_cost_v3
DE002870,17,True,S014,eligible_candidates_documented_baseline_cost_v3
DE002873,0,False,,NO_ELIGIBLE_STATION
DE002876,0,False,,NO_ELIGIBLE_STATION
DE002879,0,False,,NO_ELIGIBLE_STATION
DE002882,0,False,,NO_ELIGIBLE_STATION
DE002885,0,False,,NO_ELIGIBLE_STATION
DE002888,0,False,,NO_ELIGIBLE_STATION
DE002891,0,False,,NO_ELIGIBLE_STATION
DE002894,0,False,,NO_ELIGIBLE_STATION
DE002897,17,True,S022,eligible_candidates_documented_baseline_cost_v3
DE002900,17,True,S022,eligible_candidates_documented_baseline_cost_v3
DE002903,17,True,S022,eligible_candidates_documented_baseline_cost_v3
DE002906,17,True,S022,eligible_candidates_documented_baseline_cost_v3
DE002909,17,True,S022,eligible_candidates_documented_baseline_cost_v3
DE002912,17,True,S022,eligible_candidates_documented_baseline_cost_v3
DE002915,19,True,S022,eligible_candidates_documented_baseline_cost_v3
DE002918,19,True,S022,eligible_candidates_documented_baseline_cost_v3
DE002921,17,True,S025,eligible_candidates_documented_baseline_cost_v3
DE002924,17,True,S025,eligible_candidates_documented_baseline_cost_v3
DE002927,17,True,S025,eligible_candidates_documented_baseline_cost_v3
DE002930,19,True,S025,eligible_candidates_documented_baseline_cost_v3
DE002933,19,True,S025,eligible_candidates_documented_baseline_cost_v3
DE002936,19,True,S025,eligible_candidates_documented_baseline_cost_v3
DE002939,19,True,S025,eligible_candidates_documented_baseline_cost_v3
DE002942,19,True,S025,eligible_candidates_documented_baseline_cost_v3
DE002945,0,False,,NO_ELIGIBLE_STATION
DE002948,0,False,,NO_ELIGIBLE_STATION
DE002951,0,False,,NO_ELIGIBLE_STATION
DE002954,0,False,,NO_ELIGIBLE_STATION
DE002957,0,False,,NO_ELIGIBLE_STATION
DE002960,0,False,,NO_ELIGIBLE_STATION
DE002963,0,False,,NO_ELIGIBLE_STATION
DE002966,0,False,,NO_ELIGIBLE_STATION
DE003065,19,True,S004,eligible_candidates_documented_baseline_cost_v3
DE003068,19,True,S004,eligible_candidates_documented_baseline_cost_v3
DE003071,19,True,S004,eligible_candidates_documented_baseline_cost_v3
DE003074,19,True,S004,eligible_candidates_documented_baseline_cost_v3
DE003077,19,True,S004,eligible_candidates_documented_baseline_cost_v3
DE003080,19,True,S004,eligible_candidates_documented_baseline_cost_v3
DE003083,19,True,S004,eligible_candidates_documented_baseline_cost_v3
DE003086,19,True,S004,eligible_candidates_documented_baseline_cost_v3
DE003089,4,True,S006,eligible_candidates_documented_baseline_cost_v3
DE003093,4,True,S006,eligible_candidates_documented_baseline_cost_v3
DE003097,4,True,S006,eligible_candidates_documented_baseline_cost_v3
DE003101,4,True,S006,eligible_candidates_documented_baseline_cost_v3
DE003105,4,True,S006,eligible_candidates_documented_baseline_cost_v3
DE003109,3,True,S006,eligible_candidates_documented_baseline_cost_v3
DE003113,3,True,S006,eligible_candidates_documented_baseline_cost_v3
DE003117,3,True,S006,eligible_candidates_documented_baseline_cost_v3
DE003121,19,True,S023,eligible_candidates_documented_baseline_cost_v3
DE003124,19,True,S023,eligible_candidates_documented_baseline_cost_v3
DE003127,19,True,S023,eligible_candidates_documented_baseline_cost_v3
DE003130,19,True,S023,eligible_candidates_documented_baseline_cost_v3
DE003133,19,True,S023,eligible_candidates_documented_baseline_cost_v3
DE003136,19,True,S023,eligible_candidates_documented_baseline_cost_v3
DE003139,19,True,S023,eligible_candidates_documented_baseline_cost_v3
DE003142,19,True,S023,eligible_candidates_documented_baseline_cost_v3
DE003145,0,False,,NO_ELIGIBLE_STATION
DE003148,0,False,,NO_ELIGIBLE_STATION
DE003151,0,False,,NO_ELIGIBLE_STATION
DE003154,0,False,,NO_ELIGIBLE_STATION
DE003157,0,False,,NO_ELIGIBLE_STATION
DE003160,20,True,S005,eligible_candidates_documented_baseline_cost_v3
DE003163,20,True,S005,eligible_candidates_documented_baseline_cost_v3
DE003166,20,True,S005,eligible_candidates_documented_baseline_cost_v3
DE003169,1,True,S006,eligible_candidates_documented_baseline_cost_v3
DE003173,1,True,S020,eligible_candidates_documented_baseline_cost_v3
DE003177,1,True,S020,eligible_candidates_documented_baseline_cost_v3
DE003181,0,False,,NO_ELIGIBLE_STATION
DE003185,0,False,,NO_ELIGIBLE_STATION
DE003189,0,False,,NO_ELIGIBLE_STATION
DE003193,0,False,,NO_ELIGIBLE_STATION
DE003197,0,False,,NO_ELIGIBLE_STATION
DE003249,4,True,S003,eligible_candidates_documented_baseline_cost_v3
DE003253,4,True,S003,eligible_candidates_documented_baseline_cost_v3
DE003257,4,True,S003,eligible_candidates_documented_baseline_cost_v3
DE003261,2,True,S003,eligible_candidates_documented_baseline_cost_v3
DE003265,1,True,S003,eligible_candidates_documented_baseline_cost_v3
DE003269,0,False,,NO_ELIGIBLE_STATION
DE003273,0,False,,NO_ELIGIBLE_STATION
DE003277,0,False,,NO_ELIGIBLE_STATION
DE003281,19,True,S014,eligible_candidates_documented_baseline_cost_v3
DE003284,19,True,S014,eligible_candidates_documented_baseline_cost_v3
DE003287,19,True,S014,eligible_candidates_documented_baseline_cost_v3
DE003290,19,True,S014,eligible_candidates_documented_baseline_cost_v3
DE003293,19,True,S014,eligible_candidates_documented_baseline_cost_v3
DE003296,19,True,S014,eligible_candidates_documented_baseline_cost_v3
DE003299,19,True,S014,eligible_candidates_documented_baseline_cost_v3
DE003302,19,True,S014,eligible_candidates_documented_baseline_cost_v3
DE003305,1,True,S027,eligible_candidates_documented_baseline_cost_v3
DE003309,1,True,S027,eligible_candidates_documented_baseline_cost_v3
DE003313,0,False,,NO_ELIGIBLE_STATION
DE003317,0,False,,NO_ELIGIBLE_STATION
DE003321,0,False,,NO_ELIGIBLE_STATION
DE003325,0,False,,NO_ELIGIBLE_STATION
DE003329,0,False,,NO_ELIGIBLE_STATION
DE003333,0,False,,NO_ELIGIBLE_STATION
DE003337,2,True,S020,eligible_candidates_documented_baseline_cost_v3
DE003341,2,True,S020,eligible_candidates_documented_baseline_cost_v3
DE003345,2,True,S020,eligible_candidates_documented_baseline_cost_v3
DE003349,0,False,,NO_ELIGIBLE_STATION
DE003353,1,True,S025,eligible_candidates_documented_baseline_cost_v3
DE003357,1,True,S025,eligible_candidates_documented_baseline_cost_v3
DE003361,1,True,S025,eligible_candidates_documented_baseline_cost_v3
DE003365,1,True,S025,eligible_candidates_documented_baseline_cost_v3
DE003369,19,True,S028,eligible_candidates_documented_baseline_cost_v3
DE003372,18,True,S023,eligible_candidates_documented_baseline_cost_v3
DE003375,18,True,S023,eligible_candidates_documented_baseline_cost_v3
DE003378,18,True,S023,eligible_candidates_documented_baseline_cost_v3
DE003381,18,True,S023,eligible_candidates_documented_baseline_cost_v3
DE003384,18,True,S023,eligible_candidates_documented_baseline_cost_v3
DE003387,18,True,S023,eligible_candidates_documented_baseline_cost_v3
DE003390,18,True,S023,eligible_candidates_documented_baseline_cost_v3
DE003393,18,True,S029,eligible_candidates_documented_baseline_cost_v3
DE003396,18,True,S029,eligible_candidates_documented_baseline_cost_v3
DE003399,18,True,S029,eligible_candidates_documented_baseline_cost_v3
DE003402,20,True,S029,eligible_candidates_documented_baseline_cost_v3
DE003405,20,True,S029,eligible_candidates_documented_baseline_cost_v3
DE003408,20,True,S029,eligible_candidates_documented_baseline_cost_v3
DE003411,20,True,S029,eligible_candidates_documented_baseline_cost_v3
DE003414,20,True,S029,eligible_candidates_documented_baseline_cost_v3
DE003417,0,False,,NO_ELIGIBLE_STATION
DE003421,0,False,,NO_ELIGIBLE_STATION
DE003425,0,False,,NO_ELIGIBLE_STATION
DE003429,0,False,,NO_ELIGIBLE_STATION
DE003433,0,False,,NO_ELIGIBLE_STATION
DE003437,0,False,,NO_ELIGIBLE_STATION
DE003441,0,False,,NO_ELIGIBLE_STATION
DE003445,0,False,,NO_ELIGIBLE_STATION
DE003449,20,True,S020,eligible_candidates_documented_baseline_cost_v3
DE003452,20,True,S020,eligible_candidates_documented_baseline_cost_v3
DE003455,20,True,S020,eligible_candidates_documented_baseline_cost_v3
DE003458,20,True,S020,eligible_candidates_documented_baseline_cost_v3
DE003461,20,True,S020,eligible_candidates_documented_baseline_cost_v3
DE003464,20,True,S020,eligible_candidates_documented_baseline_cost_v3
DE003467,20,True,S020,eligible_candidates_documented_baseline_cost_v3
DE003470,20,True,S020,eligible_candidates_documented_baseline_cost_v3
DE003473,20,True,S019,eligible_candidates_documented_baseline_cost_v3
DE003476,20,True,S019,eligible_candidates_documented_baseline_cost_v3
DE003479,20,True,S019,eligible_candidates_documented_baseline_cost_v3
DE003482,20,True,S019,eligible_candidates_documented_baseline_cost_v3
DE003485,20,True,S019,eligible_candidates_documented_baseline_cost_v3
DE003488,20,True,S019,eligible_candidates_documented_baseline_cost_v3
DE003491,20,True,S019,eligible_candidates_documented_baseline_cost_v3
DE003494,20,True,S019,eligible_candidates_documented_baseline_cost_v3
DE003497,0,False,,NO_ELIGIBLE_STATION
DE003501,0,False,,NO_ELIGIBLE_STATION
DE003505,0,False,,NO_ELIGIBLE_STATION
DE003509,0,False,,NO_ELIGIBLE_STATION
DE003513,0,False,,NO_ELIGIBLE_STATION
DE003517,0,False,,NO_ELIGIBLE_STATION
DE003521,0,False,,NO_ELIGIBLE_STATION
DE003525,0,False,,NO_ELIGIBLE_STATION
DE003633,20,True,S022,eligible_candidates_documented_baseline_cost_v3
DE003636,20,True,S022,eligible_candidates_documented_baseline_cost_v3
DE003639,20,True,S022,eligible_candidates_documented_baseline_cost_v3
DE003642,20,True,S022,eligible_candidates_documented_baseline_cost_v3
DE003645,20,True,S022,eligible_candidates_documented_baseline_cost_v3
DE003648,20,True,S022,eligible_candidates_documented_baseline_cost_v3
DE003651,19,True,S016,eligible_candidates_documented_baseline_cost_v3
DE003654,19,True,S016,eligible_candidates_documented_baseline_cost_v3
DE003657,1,True,S010,eligible_candidates_documented_baseline_cost_v3
DE003660,0,False,,NO_ELIGIBLE_STATION
DE003663,0,False,,NO_ELIGIBLE_STATION
DE003666,0,False,,NO_ELIGIBLE_STATION
DE003669,0,False,,NO_ELIGIBLE_STATION
DE003672,0,False,,NO_ELIGIBLE_STATION
DE003675,0,False,,NO_ELIGIBLE_STATION
DE003678,0,False,,NO_ELIGIBLE_STATION
DE003681,19,True,S011,eligible_candidates_documented_baseline_cost_v3
DE003684,19,True,S011,eligible_candidates_documented_baseline_cost_v3
DE003687,19,True,S011,eligible_candidates_documented_baseline_cost_v3
DE003690,19,True,S011,eligible_candidates_documented_baseline_cost_v3
DE003693,19,True,S011,eligible_candidates_documented_baseline_cost_v3
DE003696,19,True,S011,eligible_candidates_documented_baseline_cost_v3
DE003699,19,True,S011,eligible_candidates_documented_baseline_cost_v3
DE003702,19,True,S011,eligible_candidates_documented_baseline_cost_v3
DE003705,19,True,S023,eligible_candidates_documented_baseline_cost_v3
DE003708,19,True,S023,eligible_candidates_documented_baseline_cost_v3
DE003711,19,True,S023,eligible_candidates_documented_baseline_cost_v3
DE003714,0,False,,NO_ELIGIBLE_STATION
DE003717,0,False,,NO_ELIGIBLE_STATION
DE003720,0,False,,NO_ELIGIBLE_STATION
DE003723,0,False,,NO_ELIGIBLE_STATION
DE003726,0,False,,NO_ELIGIBLE_STATION
DE003729,0,False,,NO_ELIGIBLE_STATION
DE003732,0,False,,NO_ELIGIBLE_STATION
DE003735,0,False,,NO_ELIGIBLE_STATION
DE003738,0,False,,NO_ELIGIBLE_STATION
DE003741,0,False,,NO_ELIGIBLE_STATION
DE003744,0,False,,NO_ELIGIBLE_STATION
DE003747,0,False,,NO_ELIGIBLE_STATION
DE003750,0,False,,NO_ELIGIBLE_STATION
DE003801,1,True,S010,eligible_candidates_documented_baseline_cost_v3
DE003804,1,True,S010,eligible_candidates_documented_baseline_cost_v3
DE003807,1,True,S010,eligible_candidates_documented_baseline_cost_v3
DE003810,1,True,S010,eligible_candidates_documented_baseline_cost_v3
DE003813,1,True,S010,eligible_candidates_documented_baseline_cost_v3
DE003816,1,True,S010,eligible_candidates_documented_baseline_cost_v3
DE003819,1,True,S010,eligible_candidates_documented_baseline_cost_v3
DE003822,1,True,S010,eligible_candidates_documented_baseline_cost_v3
